GEO.id,GEO.id2,GEO.display-label,HD01_VD01,HD02_VD01,HD01_VD02,HD02_VD02,HD01_VD03,HD02_VD03,HD01_VD04,HD02_VD04,HD01_VD05,HD02_VD05,HD01_VD06,HD02_VD06,HD01_VD07,HD02_VD07,HD01_VD08,HD02_VD08,HD01_VD09,HD02_VD09,HD01_VD10,HD02_VD10,HD01_VD11,HD02_VD11,HD01_VD12,HD02_VD12,HD01_VD13,HD02_VD13,HD01_VD14,HD02_VD14,HD01_VD15,HD02_VD15,HD01_VD16,HD02_VD16,HD01_VD17,HD02_VD17
Id,Id2,Geography,Estimate; Total:,Margin of Error; Total:,"Estimate; Total: - Less than $10,000","Margin of Error; Total: - Less than $10,000","Estimate; Total: - $10,000 to $14,999","Margin of Error; Total: - $10,000 to $14,999","Estimate; Total: - $15,000 to $19,999","Margin of Error; Total: - $15,000 to $19,999","Estimate; Total: - $20,000 to $24,999","Margin of Error; Total: - $20,000 to $24,999","Estimate; Total: - $25,000 to $29,999","Margin of Error; Total: - $25,000 to $29,999","Estimate; Total: - $30,000 to $34,999","Margin of Error; Total: - $30,000 to $34,999","Estimate; Total: - $35,000 to $39,999","Margin of Error; Total: - $35,000 to $39,999","Estimate; Total: - $40,000 to $44,999","Margin of Error; Total: - $40,000 to $44,999","Estimate; Total: - $45,000 to $49,999","Margin of Error; Total: - $45,000 to $49,999","Estimate; Total: - $50,000 to $59,999","Margin of Error; Total: - $50,000 to $59,999","Estimate; Total: - $60,000 to $74,999","Margin of Error; Total: - $60,000 to $74,999","Estimate; Total: - $75,000 to $99,999","Margin of Error; Total: - $75,000 to $99,999","Estimate; Total: - $100,000 to $124,999","Margin of Error; Total: - $100,000 to $124,999","Estimate; Total: - $125,000 to $149,999","Margin of Error; Total: - $125,000 to $149,999","Estimate; Total: - $150,000 to $199,999","Margin of Error; Total: - $150,000 to $199,999","Estimate; Total: - $200,000 or more","Margin of Error; Total: - $200,000 or more"
1500000US110010001001,110010001001,"Block Group 1, Census Tract 1, District of Columbia, District of Columbia",641,104,25,40,20,31,0,12,22,32,0,12,0,12,13,21,15,24,0,12,34,37,36,43,37,42,77,55,43,34,42,38,277,91
1500000US110010001002,110010001002,"Block Group 2, Census Tract 1, District of Columbia, District of Columbia",822,138,11,18,0,12,17,26,16,26,0,12,0,12,0,12,11,18,12,19,59,56,82,57,59,47,159,104,52,46,123,64,221,100
1500000US110010001003,110010001003,"Block Group 3, Census Tract 1, District of Columbia, District of Columbia",508,110,13,21,37,60,0,12,0,12,0,12,0,12,0,12,16,25,0,12,0,12,17,26,11,20,15,23,0,12,115,94,284,78
1500000US110010001004,110010001004,"Block Group 4, Census Tract 1, District of Columbia, District of Columbia",475,97,0,12,0,12,0,12,0,12,0,12,0,12,0,12,15,23,15,24,15,22,0,12,15,22,6,11,69,56,44,51,296,80
1500000US110010002011,110010002011,"Block Group 1, Census Tract 2.01, District of Columbia, District of Columbia",4,5,0,12,0,12,0,12,0,12,0,12,0,12,0,12,0,12,0,12,0,12,0,12,0,12,0,12,0,12,0,12,4,5
1500000US110010002021,110010002021,"Block Group 1, Census Tract 2.02, District of Columbia, District of Columbia",428,71,22,35,0,12,0,12,15,18,0,12,13,21,11,17,13,21,7,12,5,8,0,12,9,14,21,24,9,14,99,59,204,59
1500000US110010002022,110010002022,"Block Group 2, Census Tract 2.02, District of Columbia, District of Columbia",343,65,11,19,7,11,11,17,0,12,0,12,15,22,0,12,34,32,0,12,8,12,5,7,0,12,10,17,37,37,54,43,151,55
1500000US110010002023,110010002023,"Block Group 3, Census Tract 2.02, District of Columbia, District of Columbia",419,90,60,51,11,18,0,12,26,25,10,16,0,12,0,12,0,12,25,39,0,12,41,36,38,35,33,32,15,18,60,35,100,47
1500000US110010002024,110010002024,"Block Group 4, Census Tract 2.02, District of Columbia, District of Columbia",482,124,92,69,0,12,0,12,0,12,56,56,0,12,8,13,0,12,0,12,48,44,10,16,12,19,18,19,33,28,52,37,153,93
1500000US110010003001,110010003001,"Block Group 1, Census Tract 3, District of Columbia, District of Columbia",541,114,86,80,0,12,14,22,0,12,0,12,0,12,52,71,0,12,0,12,15,23,14,21,11,17,54,49,15,24,41,40,239,86
1500000US110010003002,110010003002,"Block Group 2, Census Tract 3, District of Columbia, District of Columbia",811,142,36,34,19,29,48,77,44,35,16,25,0,12,17,19,13,22,22,35,128,76,27,32,174,70,33,39,14,23,81,51,139,110
1500000US110010003003,110010003003,"Block Group 3, Census Tract 3, District of Columbia, District of Columbia",562,90,46,40,0,12,0,12,0,12,17,26,15,24,0,12,27,40,0,12,15,24,30,34,81,55,36,43,29,33,75,58,191,73
1500000US110010003004,110010003004,"Block Group 4, Census Tract 3, District of Columbia, District of Columbia",649,113,9,15,0,12,0,12,0,12,0,12,16,29,14,21,17,26,15,24,0,12,0,12,46,47,30,34,40,38,192,107,270,96
1500000US110010004001,110010004001,"Block Group 1, Census Tract 4, District of Columbia, District of Columbia",218,32,5,8,0,12,0,12,0,12,0,12,4,7,8,13,0,12,0,12,10,11,0,12,16,15,0,12,0,12,34,24,141,31
1500000US110010004002,110010004002,"Block Group 2, Census Tract 4, District of Columbia, District of Columbia",379,66,8,12,8,11,12,14,8,10,4,7,0,12,23,27,3,5,3,6,42,34,14,13,26,26,39,33,3,6,9,10,177,49
1500000US110010005011,110010005011,"Block Group 1, Census Tract 5.01, District of Columbia, District of Columbia",1010,126,71,68,35,33,0,12,27,41,16,26,60,67,28,31,0,12,0,12,87,88,106,91,102,61,145,94,42,43,101,67,190,92
1500000US110010005012,110010005012,"Block Group 2, Census Tract 5.01, District of Columbia, District of Columbia",942,152,28,36,0,12,21,24,67,57,0,12,0,12,74,99,42,50,18,30,29,36,42,43,120,67,153,83,134,75,72,55,142,75
1500000US110010005021,110010005021,"Block Group 1, Census Tract 5.02, District of Columbia, District of Columbia",751,87,0,12,0,12,17,19,0,12,7,10,63,53,18,21,22,24,13,20,52,36,20,23,35,29,68,42,109,63,70,39,257,57
1500000US110010005022,110010005022,"Block Group 2, Census Tract 5.02, District of Columbia, District of Columbia",858,97,28,26,24,39,0,12,7,12,18,21,19,21,48,53,41,32,0,12,78,46,76,41,80,48,124,70,80,48,102,46,133,46
1500000US110010006001,110010006001,"Block Group 1, Census Tract 6, District of Columbia, District of Columbia",585,115,40,49,0,12,14,22,0,12,0,12,22,25,0,12,0,12,0,12,14,24,38,23,34,41,44,43,56,45,103,60,220,113
1500000US110010006002,110010006002,"Block Group 2, Census Tract 6, District of Columbia, District of Columbia",558,102,11,19,0,12,0,12,0,12,0,12,0,12,15,24,65,73,15,24,94,99,14,22,37,42,29,32,33,31,41,33,204,93
1500000US110010006003,110010006003,"Block Group 3, Census Tract 6, District of Columbia, District of Columbia",336,57,14,22,19,31,0,12,0,12,0,12,0,12,0,12,0,12,0,12,0,12,29,23,54,41,15,23,27,30,15,23,163,51
1500000US110010006004,110010006004,"Block Group 4, Census Tract 6, District of Columbia, District of Columbia",647,87,41,64,0,12,0,12,14,22,0,12,0,12,14,22,0,12,0,12,24,28,27,30,64,48,88,62,30,34,75,74,270,91
1500000US110010007011,110010007011,"Block Group 1, Census Tract 7.01, District of Columbia, District of Columbia",686,126,111,84,0,12,0,12,16,26,0,12,37,43,52,46,31,37,0,12,82,44,90,79,85,55,60,44,39,48,26,30,57,34
1500000US110010007012,110010007012,"Block Group 2, Census Tract 7.01, District of Columbia, District of Columbia",1034,176,44,40,58,67,14,22,0,12,119,71,13,20,45,37,62,67,26,32,96,59,113,81,57,68,172,117,0,12,36,46,179,105
1500000US110010007013,110010007013,"Block Group 3, Census Tract 7.01, District of Columbia, District of Columbia",1135,154,27,31,15,24,16,25,66,83,29,33,58,56,0,12,27,32,51,46,17,27,65,53,146,84,180,96,76,54,154,94,208,93
1500000US110010007014,110010007014,"Block Group 4, Census Tract 7.01, District of Columbia, District of Columbia",580,120,20,33,27,31,36,41,0,12,60,74,98,85,0,12,43,53,0,12,27,32,0,12,82,55,40,38,60,57,21,33,66,47
1500000US110010007021,110010007021,"Block Group 1, Census Tract 7.02, District of Columbia, District of Columbia",788,135,30,35,8,13,42,32,13,20,0,12,24,31,11,19,15,25,29,33,48,46,140,87,146,94,170,90,41,42,36,43,35,31
1500000US110010007022,110010007022,"Block Group 2, Census Tract 7.02, District of Columbia, District of Columbia",738,154,102,88,41,35,48,62,28,35,47,48,0,12,0,12,10,16,75,102,135,85,88,56,133,103,15,25,16,25,0,12,0,12
1500000US110010007023,110010007023,"Block Group 3, Census Tract 7.02, District of Columbia, District of Columbia",723,129,13,20,0,12,0,12,41,38,0,12,0,12,11,17,16,25,0,12,51,46,138,100,56,35,173,115,122,116,94,76,8,16
1500000US110010008011,110010008011,"Block Group 1, Census Tract 8.01, District of Columbia, District of Columbia",1298,156,179,102,28,33,12,20,22,25,66,86,26,30,15,26,18,28,0,12,82,58,96,62,121,76,211,132,15,25,205,91,202,77
1500000US110010008012,110010008012,"Block Group 2, Census Tract 8.01, District of Columbia, District of Columbia",324,90,0,12,0,12,0,12,0,12,0,12,0,12,0,12,13,22,0,12,0,12,24,27,0,12,12,20,0,12,75,77,200,64
1500000US110010008013,110010008013,"Block Group 3, Census Tract 8.01, District of Columbia, District of Columbia",947,107,34,40,18,28,0,12,0,12,9,16,71,85,0,12,14,22,13,20,0,12,48,35,45,34,59,47,21,33,61,51,554,106
1500000US110010008014,110010008014,"Block Group 4, Census Tract 8.01, District of Columbia, District of Columbia",331,108,0,12,0,12,20,30,0,12,18,28,0,12,17,29,21,33,0,12,10,16,18,23,45,67,35,39,27,32,15,26,105,92
1500000US110010008021,110010008021,"Block Group 1, Census Tract 8.02, District of Columbia, District of Columbia",872,79,60,51,29,47,31,36,0,12,24,39,10,14,88,57,62,58,9,14,69,46,58,53,85,44,62,36,49,34,28,26,208,63
1500000US110010008022,110010008022,"Block Group 2, Census Tract 8.02, District of Columbia, District of Columbia",486,67,84,63,6,12,0,12,0,12,0,12,0,12,0,12,13,14,0,12,0,12,52,42,38,34,39,32,34,32,20,22,200,77
1500000US110010009011,110010009011,"Block Group 1, Census Tract 9.01, District of Columbia, District of Columbia",556,73,48,39,9,13,9,16,0,12,0,12,0,12,0,12,0,12,10,15,8,14,40,36,32,29,44,33,31,49,91,50,234,63
1500000US110010009012,110010009012,"Block Group 2, Census Tract 9.01, District of Columbia, District of Columbia",578,75,20,23,2,8,0,12,0,12,0,12,0,12,0,12,22,25,10,17,30,29,0,12,19,21,38,32,21,24,47,33,369,74
1500000US110010009013,110010009013,"Block Group 3, Census Tract 9.01, District of Columbia, District of Columbia",427,68,14,17,8,13,0,12,0,12,0,12,0,12,0,12,34,53,0,12,0,12,0,12,23,25,22,17,9,14,52,32,265,58
1500000US110010009021,110010009021,"Block Group 1, Census Tract 9.02, District of Columbia, District of Columbia",293,51,0,12,0,12,5,9,0,12,0,12,0,12,5,8,28,34,0,12,0,12,21,20,26,29,14,13,5,7,53,29,136,44
1500000US110010009022,110010009022,"Block Group 2, Census Tract 9.02, District of Columbia, District of Columbia",539,52,9,13,0,12,0,12,5,8,16,18,5,8,0,12,10,10,5,8,6,9,30,19,30,21,54,28,49,28,68,36,252,57
1500000US110010010011,110010010011,"Block Group 1, Census Tract 10.01, District of Columbia, District of Columbia",271,63,0,12,0,12,0,12,0,12,16,25,0,12,0,12,0,12,0,12,18,27,0,12,52,53,32,34,18,29,78,41,57,40
1500000US110010010012,110010010012,"Block Group 2, Census Tract 10.01, District of Columbia, District of Columbia",981,137,30,33,0,12,14,23,0,12,31,37,0,12,69,56,125,117,11,20,29,34,55,65,47,46,86,58,111,71,166,76,207,83
1500000US110010010013,110010010013,"Block Group 3, Census Tract 10.01, District of Columbia, District of Columbia",365,67,0,12,0,12,0,12,0,12,0,12,0,12,0,12,0,12,16,26,28,32,0,12,26,23,14,22,17,26,26,30,238,78
1500000US110010010014,110010010014,"Block Group 4, Census Tract 10.01, District of Columbia, District of Columbia",555,81,0,12,0,12,0,12,12,20,0,12,0,12,0,12,17,26,22,35,0,12,80,87,42,43,35,41,0,12,148,87,199,76
1500000US110010010015,110010010015,"Block Group 5, Census Tract 10.01, District of Columbia, District of Columbia",248,60,28,34,0,12,0,12,0,12,0,12,0,12,0,12,0,12,0,12,8,15,0,12,13,20,46,42,49,44,25,38,79,51
1500000US110010010016,110010010016,"Block Group 6, Census Tract 10.01, District of Columbia, District of Columbia",418,64,18,29,0,12,0,12,0,12,13,20,0,12,0,12,0,12,0,12,0,12,0,12,42,40,13,20,43,43,118,74,171,75
1500000US110010010021,110010010021,"Block Group 1, Census Tract 10.02, District of Columbia, District of Columbia",604,149,258,118,59,56,10,17,12,19,12,21,0,12,0,12,10,16,0,12,34,38,36,47,52,49,57,64,25,39,19,32,20,36
1500000US110010010022,110010010022,"Block Group 2, Census Tract 10.02, District of Columbia, District of Columbia",795,130,0,12,12,20,11,17,0,12,17,27,63,62,12,21,49,56,45,43,55,52,10,17,74,55,92,66,88,69,190,87,77,54
1500000US110010010023,110010010023,"Block Group 3, Census Tract 10.02, District of Columbia, District of Columbia",432,113,28,45,0,12,0,12,53,83,0,12,0,12,0,12,0,12,0,12,0,12,45,53,18,28,81,57,64,49,77,69,66,76
1500000US110010011001,110010011001,"Block Group 1, Census Tract 11, District of Columbia, District of Columbia",975,109,0,12,0,12,23,26,35,40,13,21,18,30,26,30,42,66,93,89,29,32,61,51,41,38,162,82,54,68,83,51,295,84
1500000US110010011002,110010011002,"Block Group 2, Census Tract 11, District of Columbia, District of Columbia",577,110,73,86,0,12,0,12,0,12,0,12,0,12,16,24,0,12,0,12,0,12,40,38,74,44,60,54,69,62,63,53,182,75
1500000US110010011003,110010011003,"Block Group 3, Census Tract 11, District of Columbia, District of Columbia",265,66,12,19,0,12,0,12,0,12,0,12,0,12,14,22,0,12,0,12,17,27,0,12,30,24,38,29,0,12,45,43,109,65
1500000US110010011004,110010011004,"Block Group 4, Census Tract 11, District of Columbia, District of Columbia",264,55,0,12,16,25,0,12,0,12,0,12,0,12,0,12,0,12,13,20,0,12,12,21,25,28,88,77,0,12,10,15,100,41
1500000US110010012001,110010012001,"Block Group 1, Census Tract 12, District of Columbia, District of Columbia",1111,137,51,42,0,12,0,12,76,61,12,21,54,44,14,25,13,20,16,26,100,79,123,95,182,91,89,50,41,39,101,67,239,92
1500000US110010012002,110010012002,"Block Group 2, Census Tract 12, District of Columbia, District of Columbia",568,105,45,69,15,23,0,12,11,19,0,12,51,41,0,12,0,12,0,12,12,19,82,68,89,80,61,49,0,12,68,49,134,78
1500000US110010012003,110010012003,"Block Group 3, Census Tract 12, District of Columbia, District of Columbia",253,56,0,12,0,12,11,18,0,12,11,17,0,12,0,12,0,12,0,12,37,36,13,22,10,20,22,35,8,15,49,40,92,56
1500000US110010012004,110010012004,"Block Group 4, Census Tract 12, District of Columbia, District of Columbia",514,102,0,12,0,12,0,12,0,12,47,36,0,12,0,12,42,40,0,12,14,22,0,12,64,49,16,25,65,58,61,59,205,85
1500000US110010013011,110010013011,"Block Group 1, Census Tract 13.01, District of Columbia, District of Columbia",796,132,50,56,0,12,35,55,0,12,18,27,17,26,0,12,14,23,39,43,87,58,42,37,14,24,47,49,176,118,32,36,225,90
1500000US110010013012,110010013012,"Block Group 2, Census Tract 13.01, District of Columbia, District of Columbia",266,77,0,12,0,12,0,12,0,12,0,12,0,12,0,12,34,50,0,12,0,12,0,12,0,12,0,12,24,27,36,40,172,64
1500000US110010013013,110010013013,"Block Group 3, Census Tract 13.01, District of Columbia, District of Columbia",873,135,41,46,0,12,0,12,34,29,13,23,30,34,17,27,53,49,14,24,70,54,92,61,100,75,176,115,37,42,51,38,145,62
1500000US110010013021,110010013021,"Block Group 1, Census Tract 13.02, District of Columbia, District of Columbia",1528,191,82,68,27,43,14,23,42,47,0,12,37,55,58,59,0,12,132,122,83,64,170,99,179,105,240,106,63,64,292,131,109,83
1500000US110010013022,110010013022,"Block Group 2, Census Tract 13.02, District of Columbia, District of Columbia",2975,287,120,80,83,98,32,37,124,98,13,22,33,56,26,33,60,61,29,34,311,164,408,159,289,122,468,220,173,135,249,125,557,214
1500000US110010013023,110010013023,"Block Group 3, Census Tract 13.02, District of Columbia, District of Columbia",364,112,33,44,37,45,0,12,0,12,0,12,0,12,0,12,0,12,20,34,45,54,14,24,61,49,54,57,15,25,43,51,42,33
1500000US110010014011,110010014011,"Block Group 1, Census Tract 14.01, District of Columbia, District of Columbia",1043,76,99,61,0,12,17,21,56,60,58,45,20,23,10,15,51,50,9,14,24,23,119,50,95,56,121,75,42,29,38,30,284,66
1500000US110010014012,110010014012,"Block Group 2, Census Tract 14.01, District of Columbia, District of Columbia",394,52,9,15,0,12,0,12,30,45,0,12,0,12,0,12,0,12,9,14,0,12,0,12,24,23,17,19,20,21,32,23,253,50
1500000US110010014021,110010014021,"Block Group 1, Census Tract 14.02, District of Columbia, District of Columbia",306,45,0,12,0,12,0,12,29,27,0,12,0,12,9,16,0,12,0,12,11,18,9,14,21,19,0,12,13,14,59,40,155,45
1500000US110010014022,110010014022,"Block Group 2, Census Tract 14.02, District of Columbia, District of Columbia",448,93,34,54,0,12,10,16,12,20,9,15,37,58,0,12,0,12,0,12,22,17,59,41,39,31,7,10,8,12,25,21,186,51
1500000US110010014023,110010014023,"Block Group 3, Census Tract 14.02, District of Columbia, District of Columbia",677,101,68,50,54,44,0,12,0,12,40,31,10,14,19,21,13,20,36,35,9,13,28,22,89,45,30,27,64,64,80,44,137,55
1500000US110010015001,110010015001,"Block Group 1, Census Tract 15, District of Columbia, District of Columbia",499,87,0,12,0,12,0,12,0,12,0,12,0,12,0,12,0,12,0,12,0,12,32,27,45,41,65,49,22,25,76,43,259,110
1500000US110010015002,110010015002,"Block Group 2, Census Tract 15, District of Columbia, District of Columbia",311,61,0,12,0,12,0,12,12,19,0,12,0,12,0,12,13,22,0,12,0,12,0,12,13,21,12,19,13,21,80,56,168,62
1500000US110010015003,110010015003,"Block Group 3, Census Tract 15, District of Columbia, District of Columbia",249,85,0,12,0,12,0,12,0,12,0,12,0,12,0,12,0,12,0,12,0,12,11,17,78,80,15,26,10,18,11,19,124,53
1500000US110010015004,110010015004,"Block Group 4, Census Tract 15, District of Columbia, District of Columbia",594,80,11,17,32,36,0,12,13,22,0,12,0,12,18,29,0,12,14,22,0,12,80,51,29,43,28,28,36,28,83,54,250,71
1500000US110010015005,110010015005,"Block Group 5, Census Tract 15, District of Columbia, District of Columbia",336,55,0,12,9,15,0,12,0,12,10,16,0,12,0,12,0,12,0,12,0,12,0,12,9,15,32,35,11,19,61,50,204,61
1500000US110010016001,110010016001,"Block Group 1, Census Tract 16, District of Columbia, District of Columbia",408,54,0,12,0,12,0,12,0,12,0,12,0,12,0,12,17,19,0,12,0,12,26,23,67,46,50,42,41,27,61,35,146,48
1500000US110010016002,110010016002,"Block Group 2, Census Tract 16, District of Columbia, District of Columbia",247,78,0,12,17,19,0,12,30,48,30,38,0,12,0,12,0,12,0,12,0,12,15,17,48,48,8,13,32,23,18,18,49,32
1500000US110010016003,110010016003,"Block Group 3, Census Tract 16, District of Columbia, District of Columbia",280,71,14,22,0,12,0,12,0,12,0,12,0,12,0,12,10,16,12,19,17,20,26,23,30,26,24,22,7,11,46,46,94,52
1500000US110010016004,110010016004,"Block Group 4, Census Tract 16, District of Columbia, District of Columbia",571,74,0,12,0,12,10,13,0,12,9,14,0,12,0,12,13,21,0,12,20,28,58,50,62,42,73,45,44,28,68,42,214,58
1500000US110010017021,110010017021,"Block Group 1, Census Tract 17.02, District of Columbia, District of Columbia",798,84,35,30,0,12,11,19,0,12,24,28,15,22,23,26,20,22,0,12,10,16,160,73,79,46,110,70,66,40,68,52,177,62
1500000US110010017022,110010017022,"Block Group 2, Census Tract 17.02, District of Columbia, District of Columbia",534,82,16,19,11,19,0,12,46,35,0,12,44,47,0,12,15,23,20,23,25,39,49,36,110,64,72,43,57,38,34,28,35,31
1500000US110010018031,110010018031,"Block Group 1, Census Tract 18.03, District of Columbia, District of Columbia",572,98,0,12,64,65,12,17,4,7,46,34,45,38,15,16,17,18,23,25,25,27,93,65,42,30,40,33,13,20,10,16,123,58
1500000US110010018032,110010018032,"Block Group 2, Census Tract 18.03, District of Columbia, District of Columbia",1033,112,102,53,41,51,77,64,97,64,67,43,42,51,79,55,0,12,74,56,89,49,94,44,173,81,76,59,0,12,0,12,22,23
1500000US110010018041,110010018041,"Block Group 1, Census Tract 18.04, District of Columbia, District of Columbia",582,136,0,12,0,12,63,63,77,68,0,12,22,25,29,37,94,80,37,41,66,58,8,12,68,67,27,26,48,37,27,29,16,17
1500000US110010018042,110010018042,"Block Group 2, Census Tract 18.04, District of Columbia, District of Columbia",509,114,75,66,17,13,31,28,10,16,59,47,17,28,7,13,30,28,0,12,12,16,52,37,98,84,64,64,0,12,0,12,37,37
1500000US110010018043,110010018043,"Block Group 3, Census Tract 18.04, District of Columbia, District of Columbia",944,151,86,65,25,30,41,41,73,59,94,69,36,46,36,57,66,61,32,42,101,80,122,85,70,52,84,69,7,12,33,31,38,30
1500000US110010019011,110010019011,"Block Group 1, Census Tract 19.01, District of Columbia, District of Columbia",380,93,36,49,17,19,37,39,6,10,17,19,27,21,18,14,0,12,13,17,0,12,16,18,69,57,58,53,9,16,30,43,27,44
1500000US110010019012,110010019012,"Block Group 2, Census Tract 19.01, District of Columbia, District of Columbia",392,99,15,24,6,9,38,46,7,12,0,12,8,13,11,14,31,41,4,11,0,12,87,62,97,70,48,27,12,14,17,28,11,16
1500000US110010019013,110010019013,"Block Group 3, Census Tract 19.01, District of Columbia, District of Columbia",369,91,57,56,0,12,0,12,39,42,0,12,33,38,0,12,6,10,14,16,15,17,39,29,74,51,37,31,15,19,30,23,10,13
1500000US110010019014,110010019014,"Block Group 4, Census Tract 19.01, District of Columbia, District of Columbia",251,65,14,13,0,12,6,10,7,10,0,12,0,12,29,39,30,28,0,12,7,12,36,27,63,53,0,12,17,14,9,14,33,27
1500000US110010019021,110010019021,"Block Group 1, Census Tract 19.02, District of Columbia, District of Columbia",505,56,14,12,5,8,22,17,32,29,16,18,23,27,9,14,5,7,19,17,32,26,37,29,46,30,107,62,28,20,71,31,39,26
1500000US110010019022,110010019022,"Block Group 2, Census Tract 19.02, District of Columbia, District of Columbia",314,65,12,13,11,11,5,7,0,12,8,10,23,24,30,45,10,12,0,12,20,24,17,14,43,34,27,18,43,36,29,21,36,32
1500000US110010020011,110010020011,"Block Group 1, Census Tract 20.01, District of Columbia, District of Columbia",500,59,54,40,29,26,32,24,24,27,25,26,28,26,44,31,61,43,40,29,34,28,37,30,23,18,8,12,27,33,19,16,15,14
1500000US110010020012,110010020012,"Block Group 2, Census Tract 20.01, District of Columbia, District of Columbia",460,57,21,21,10,16,0,12,10,13,0,12,0,12,25,30,19,24,4,6,52,47,50,35,6,11,31,25,46,37,34,32,152,48
1500000US110010020021,110010020021,"Block Group 1, Census Tract 20.02, District of Columbia, District of Columbia",321,66,0,12,0,12,0,12,0,12,34,42,51,31,0,12,0,12,0,12,52,45,21,24,20,22,53,38,21,15,21,30,48,27
1500000US110010020022,110010020022,"Block Group 2, Census Tract 20.02, District of Columbia, District of Columbia",627,110,114,87,13,19,85,74,71,56,9,14,24,37,10,16,0,12,11,17,58,54,38,42,56,47,17,20,94,66,17,19,10,16
1500000US110010020023,110010020023,"Block Group 3, Census Tract 20.02, District of Columbia, District of Columbia",456,75,7,13,13,20,0,12,10,16,0,12,0,12,13,19,0,12,0,12,67,55,59,37,77,55,47,27,41,33,40,30,82,51
1500000US110010021011,110010021011,"Block Group 1, Census Tract 21.01, District of Columbia, District of Columbia",650,140,59,71,12,19,56,71,57,45,30,37,0,12,141,112,9,14,5,11,49,46,29,36,94,65,39,41,42,56,20,27,8,14
1500000US110010021012,110010021012,"Block Group 2, Census Tract 21.01, District of Columbia, District of Columbia",371,140,32,29,15,19,48,73,13,20,0,12,43,48,0,12,10,16,9,13,20,32,71,94,21,26,10,18,52,67,27,32,0,12
1500000US110010021013,110010021013,"Block Group 3, Census Tract 21.01, District of Columbia, District of Columbia",507,109,88,81,25,31,11,17,0,12,0,12,12,19,0,12,55,53,11,18,52,52,60,43,41,57,42,37,93,62,17,28,0,12
1500000US110010021014,110010021014,"Block Group 4, Census Tract 21.01, District of Columbia, District of Columbia",337,96,37,29,27,43,15,24,19,32,40,49,0,12,14,23,0,12,60,61,42,67,0,12,33,40,25,29,8,14,0,12,17,26
1500000US110010021015,110010021015,"Block Group 5, Census Tract 21.01, District of Columbia, District of Columbia",280,104,29,48,0,12,31,49,59,52,9,15,15,23,0,12,0,12,0,12,0,12,26,31,35,27,16,25,33,51,9,17,18,30
1500000US110010021021,110010021021,"Block Group 1, Census Tract 21.02, District of Columbia, District of Columbia",344,87,3,5,0,12,41,50,15,16,0,12,7,12,54,60,0,12,15,16,15,16,50,32,33,28,0,12,29,25,62,55,20,19
1500000US110010021022,110010021022,"Block Group 2, Census Tract 21.02, District of Columbia, District of Columbia",359,94,99,73,16,17,0,12,0,12,23,20,67,64,15,17,7,12,0,12,58,50,20,22,16,17,18,18,7,11,13,14,0,12
1500000US110010021023,110010021023,"Block Group 3, Census Tract 21.02, District of Columbia, District of Columbia",471,105,74,59,0,12,31,49,0,12,0,12,30,48,9,13,15,17,0,12,25,40,60,57,33,42,100,77,38,51,23,21,33,45
1500000US110010021024,110010021024,"Block Group 4, Census Tract 21.02, District of Columbia, District of Columbia",290,84,41,36,19,20,8,12,9,14,28,45,34,52,0,12,16,19,6,10,27,42,14,10,16,18,27,44,22,20,7,10,16,17
1500000US110010021025,110010021025,"Block Group 5, Census Tract 21.02, District of Columbia, District of Columbia",329,103,41,60,8,13,0,12,14,17,30,48,0,12,40,50,53,49,0,12,0,12,41,44,27,25,46,55,7,10,14,11,8,12
1500000US110010021026,110010021026,"Block Group 6, Census Tract 21.02, District of Columbia, District of Columbia",262,107,72,70,8,12,15,18,0,12,33,43,0,12,0,12,6,10,0,12,8,12,15,17,18,21,10,15,31,39,46,50,0,12
1500000US110010022011,110010022011,"Block Group 1, Census Tract 22.01, District of Columbia, District of Columbia",402,89,10,15,6,8,0,12,21,20,0,12,0,12,15,16,0,12,21,23,20,24,79,61,44,41,59,54,65,44,38,39,24,28
1500000US110010022012,110010022012,"Block Group 2, Census Tract 22.01, District of Columbia, District of Columbia",464,79,8,12,0,12,11,17,15,12,26,31,0,12,15,17,16,17,31,27,25,26,127,74,29,35,33,35,53,47,43,35,32,35
1500000US110010022013,110010022013,"Block Group 3, Census Tract 22.01, District of Columbia, District of Columbia",253,73,53,52,8,12,6,10,0,12,6,9,20,24,21,23,22,31,7,11,0,12,54,59,19,18,10,15,9,14,9,15,9,15
1500000US110010022021,110010022021,"Block Group 1, Census Tract 22.02, District of Columbia, District of Columbia",687,108,77,60,43,39,52,40,0,12,56,58,41,43,36,38,39,43,71,61,29,47,49,46,56,56,77,50,11,13,4,11,46,50
1500000US110010022022,110010022022,"Block Group 2, Census Tract 22.02, District of Columbia, District of Columbia",310,78,61,42,19,22,21,28,22,34,16,18,0,12,0,12,7,13,0,12,21,28,22,25,14,15,46,33,21,30,8,12,32,42
1500000US110010022023,110010022023,"Block Group 3, Census Tract 22.02, District of Columbia, District of Columbia",325,83,46,43,45,49,0,12,0,12,0,12,0,12,0,12,0,12,10,12,20,31,52,41,24,32,39,39,33,29,23,25,33,33
1500000US110010023011,110010023011,"Block Group 1, Census Tract 23.01, District of Columbia, District of Columbia",405,69,21,30,11,13,0,12,10,13,25,31,10,13,5,7,21,21,0,12,20,21,74,57,30,24,43,26,27,22,32,24,76,49
1500000US110010023012,110010023012,"Block Group 2, Census Tract 23.01, District of Columbia, District of Columbia",683,88,53,40,17,19,15,18,25,26,0,12,37,39,29,24,44,36,52,43,62,61,29,25,45,33,85,52,23,20,87,50,80,50
1500000US110010023021,110010023021,"Block Group 1, Census Tract 23.02, District of Columbia, District of Columbia",879,102,154,80,37,44,38,46,37,43,4,7,27,21,0,12,49,58,20,32,63,65,142,80,185,56,51,31,29,21,33,34,10,12
1500000US110010024001,110010024001,"Block Group 1, Census Tract 24, District of Columbia, District of Columbia",282,73,0,12,8,12,0,12,34,40,28,34,0,12,11,17,12,21,28,26,34,33,0,12,19,29,29,26,28,26,22,21,29,23
1500000US110010024002,110010024002,"Block Group 2, Census Tract 24, District of Columbia, District of Columbia",428,72,32,37,0,12,38,41,11,17,23,24,39,38,0,12,34,51,20,32,10,15,22,24,48,35,44,38,39,29,32,27,36,26
1500000US110010024003,110010024003,"Block Group 3, Census Tract 24, District of Columbia, District of Columbia",299,73,58,63,0,12,0,12,11,17,0,12,0,12,0,12,0,12,0,12,0,12,0,12,63,49,18,30,50,30,34,32,65,45
1500000US110010024004,110010024004,"Block Group 4, Census Tract 24, District of Columbia, District of Columbia",331,56,8,13,0,12,0,12,0,12,10,14,18,27,34,29,0,12,15,17,29,28,24,25,14,17,49,32,40,33,53,35,37,26
1500000US110010025011,110010025011,"Block Group 1, Census Tract 25.01, District of Columbia, District of Columbia",509,81,159,88,44,28,62,51,54,52,24,23,25,27,29,26,0,12,0,12,0,12,26,31,10,16,50,49,20,23,6,11,0,12
1500000US110010025012,110010025012,"Block Group 2, Census Tract 25.01, District of Columbia, District of Columbia",489,76,10,16,66,61,0,12,8,13,34,29,0,12,11,17,11,17,22,24,39,38,0,12,60,41,20,22,22,25,21,23,165,47
1500000US110010025021,110010025021,"Block Group 1, Census Tract 25.02, District of Columbia, District of Columbia",523,124,124,88,45,47,24,38,0,12,6,11,13,23,0,12,82,54,7,14,15,25,13,20,85,82,32,51,0,12,13,24,64,50
1500000US110010025022,110010025022,"Block Group 2, Census Tract 25.02, District of Columbia, District of Columbia",561,128,0,12,38,51,0,12,20,23,55,46,105,75,19,21,5,9,16,25,0,12,64,49,80,63,60,62,29,35,70,65,0,12
1500000US110010025023,110010025023,"Block Group 3, Census Tract 25.02, District of Columbia, District of Columbia",461,117,15,21,9,15,20,21,0,12,49,67,47,54,0,12,0,12,6,12,5,8,33,41,75,78,0,12,125,96,18,22,59,38
1500000US110010025024,110010025024,"Block Group 4, Census Tract 25.02, District of Columbia, District of Columbia",802,170,23,18,27,33,46,60,54,66,44,51,65,73,0,12,11,19,53,86,0,12,196,137,69,74,83,71,14,23,52,44,65,54
1500000US110010026001,110010026001,"Block Group 1, Census Tract 26, District of Columbia, District of Columbia",476,58,16,15,0,12,3,6,17,21,5,8,0,12,6,10,27,31,14,12,46,42,15,16,27,17,71,39,37,24,86,41,106,50
1500000US110010026002,110010026002,"Block Group 2, Census Tract 26, District of Columbia, District of Columbia",524,65,0,12,0,12,0,12,43,54,31,35,12,16,6,8,7,12,12,10,31,32,32,20,17,15,44,26,26,18,67,40,196,49
1500000US110010027011,110010027011,"Block Group 1, Census Tract 27.01, District of Columbia, District of Columbia",433,155,10,17,0,12,0,12,83,106,0,12,0,12,0,12,0,12,0,12,19,32,71,96,79,87,33,39,45,43,31,35,62,50
1500000US110010027012,110010027012,"Block Group 2, Census Tract 27.01, District of Columbia, District of Columbia",816,129,0,12,0,12,0,12,0,12,35,34,14,24,59,60,60,67,25,31,51,50,92,56,70,49,125,72,21,25,107,92,157,69
1500000US110010027013,110010027013,"Block Group 3, Census Tract 27.01, District of Columbia, District of Columbia",339,67,11,19,0,12,0,12,16,27,0,12,13,22,0,12,0,12,0,12,55,48,0,12,9,15,11,19,31,37,78,60,115,62
1500000US110010027014,110010027014,"Block Group 4, Census Tract 27.01, District of Columbia, District of Columbia",1043,172,170,117,49,52,45,43,98,92,22,28,55,52,110,88,37,37,45,73,124,97,45,38,81,51,78,57,19,30,65,69,0,12
1500000US110010027021,110010027021,"Block Group 1, Census Tract 27.02, District of Columbia, District of Columbia",881,152,11,18,17,26,46,73,0,12,78,80,24,30,87,95,24,22,11,17,50,48,159,98,121,87,141,89,79,98,0,12,33,36
1500000US110010027022,110010027022,"Block Group 2, Census Tract 27.02, District of Columbia, District of Columbia",862,138,49,53,16,25,56,51,18,28,0,12,0,12,28,46,0,12,0,12,0,12,139,69,55,44,31,33,75,63,134,69,261,96
1500000US110010027023,110010027023,"Block Group 3, Census Tract 27.02, District of Columbia, District of Columbia",537,93,31,37,0,12,18,28,11,18,0,12,19,30,0,12,12,19,0,12,15,24,97,63,105,75,34,33,23,27,72,54,100,62
1500000US110010028011,110010028011,"Block Group 1, Census Tract 28.01, District of Columbia, District of Columbia",616,121,87,62,8,14,8,15,0,12,17,19,46,56,0,12,22,35,33,42,41,30,42,48,184,86,75,49,12,14,15,14,26,21
1500000US110010028012,110010028012,"Block Group 2, Census Tract 28.01, District of Columbia, District of Columbia",1169,127,105,59,79,69,115,93,87,79,48,63,52,49,68,65,33,43,120,64,201,112,88,66,75,66,43,34,18,20,11,15,26,22
1500000US110010028021,110010028021,"Block Group 1, Census Tract 28.02, District of Columbia, District of Columbia",1236,133,139,72,46,35,72,55,80,67,10,15,11,17,50,42,79,61,51,38,93,61,94,61,148,61,134,74,113,65,82,47,34,27
1500000US110010028022,110010028022,"Block Group 2, Census Tract 28.02, District of Columbia, District of Columbia",791,112,105,50,8,13,45,38,49,40,52,49,38,37,26,42,34,38,28,25,97,54,61,38,106,64,22,24,86,47,11,17,23,29
1500000US110010029001,110010029001,"Block Group 1, Census Tract 29, District of Columbia, District of Columbia",805,95,37,38,21,23,0,12,60,44,63,50,27,38,21,23,28,34,30,27,49,44,67,36,143,79,46,43,75,37,41,28,97,47
1500000US110010029002,110010029002,"Block Group 2, Census Tract 29, District of Columbia, District of Columbia",835,88,25,40,9,14,7,11,46,45,0,12,0,12,23,24,21,18,20,22,48,40,137,64,119,67,58,38,73,44,105,47,144,50
1500000US110010030001,110010030001,"Block Group 1, Census Tract 30, District of Columbia, District of Columbia",784,91,96,55,40,27,21,19,16,26,7,11,0,12,8,14,32,32,8,13,21,24,116,56,97,49,58,39,79,44,88,44,97,53
1500000US110010030002,110010030002,"Block Group 2, Census Tract 30, District of Columbia, District of Columbia",703,87,154,60,86,65,0,12,61,35,27,30,0,12,44,43,7,11,28,30,26,24,9,14,58,35,45,38,25,23,43,33,90,45
1500000US110010031001,110010031001,"Block Group 1, Census Tract 31, District of Columbia, District of Columbia",1082,90,11,17,51,42,28,30,88,68,29,30,30,31,24,40,35,34,24,29,117,65,113,69,191,87,78,43,88,44,110,75,65,52
1500000US110010032001,110010032001,"Block Group 1, Census Tract 32, District of Columbia, District of Columbia",296,83,27,42,0,12,30,28,16,25,9,14,0,12,8,12,0,12,35,55,0,12,31,28,8,12,11,17,107,60,6,10,8,12
1500000US110010032002,110010032002,"Block Group 2, Census Tract 32, District of Columbia, District of Columbia",434,106,34,46,68,65,0,12,10,15,18,21,0,12,43,36,59,65,10,17,32,35,15,14,66,40,38,29,0,12,29,24,12,19
1500000US110010032003,110010032003,"Block Group 3, Census Tract 32, District of Columbia, District of Columbia",590,120,98,73,0,12,42,45,30,49,17,22,9,14,9,14,5,9,25,39,14,22,69,70,63,66,51,46,52,61,40,28,66,49
1500000US110010032004,110010032004,"Block Group 4, Census Tract 32, District of Columbia, District of Columbia",343,80,11,16,9,13,4,8,30,35,0,12,9,13,0,12,19,22,28,25,17,20,24,25,87,52,18,20,5,11,77,50,5,8
1500000US110010033011,110010033011,"Block Group 1, Census Tract 33.01, District of Columbia, District of Columbia",437,82,27,36,34,22,20,17,0,12,14,16,21,23,0,12,0,12,7,11,10,15,14,15,76,57,36,31,7,14,86,52,85,60
1500000US110010033012,110010033012,"Block Group 2, Census Tract 33.01, District of Columbia, District of Columbia",510,105,20,24,11,16,0,12,0,12,0,12,0,12,0,12,17,19,32,41,39,45,98,73,66,35,18,23,10,14,126,80,73,37
1500000US110010033013,110010033013,"Block Group 3, Census Tract 33.01, District of Columbia, District of Columbia",519,82,0,12,6,10,0,12,0,12,22,27,0,12,0,12,19,22,23,23,40,36,102,64,61,43,36,28,37,34,38,34,135,67
1500000US110010033021,110010033021,"Block Group 1, Census Tract 33.02, District of Columbia, District of Columbia",488,74,32,32,23,18,2,5,12,20,0,12,11,12,56,47,10,11,0,12,16,13,55,47,57,35,32,28,81,51,66,33,35,21
1500000US110010033022,110010033022,"Block Group 2, Census Tract 33.02, District of Columbia, District of Columbia",432,59,32,27,22,18,3,6,0,12,14,15,13,19,0,12,5,8,21,22,11,12,26,24,36,27,50,26,53,34,74,36,72,40
1500000US110010034001,110010034001,"Block Group 1, Census Tract 34, District of Columbia, District of Columbia",508,100,129,76,27,24,18,20,29,33,0,12,0,12,10,14,31,49,0,12,61,57,0,12,27,25,58,48,11,19,45,36,62,56
1500000US110010034002,110010034002,"Block Group 2, Census Tract 34, District of Columbia, District of Columbia",646,110,37,30,7,12,0,12,44,33,47,40,18,20,0,12,0,12,10,16,46,50,57,44,55,38,90,45,110,76,34,27,91,69
1500000US110010035001,110010035001,"Block Group 1, Census Tract 35, District of Columbia, District of Columbia",527,68,40,29,24,27,40,32,21,25,0,12,16,25,0,12,0,12,5,8,10,12,57,47,100,50,23,15,82,38,69,42,40,29
1500000US110010035002,110010035002,"Block Group 2, Census Tract 35, District of Columbia, District of Columbia",614,92,206,67,21,16,47,51,17,27,24,24,10,16,0,12,24,28,6,8,6,9,30,34,82,45,52,49,20,19,30,18,39,19
1500000US110010036001,110010036001,"Block Group 1, Census Tract 36, District of Columbia, District of Columbia",772,168,27,46,0,12,0,12,0,12,18,28,11,22,14,22,33,29,21,32,15,24,44,48,180,131,89,78,130,65,77,50,113,77
1500000US110010036002,110010036002,"Block Group 2, Census Tract 36, District of Columbia, District of Columbia",603,141,59,50,39,44,55,39,0,12,23,32,61,56,8,13,52,64,0,12,41,37,50,80,29,28,82,68,13,25,20,22,71,76
1500000US110010036003,110010036003,"Block Group 3, Census Tract 36, District of Columbia, District of Columbia",587,124,0,12,16,26,0,12,19,30,0,12,78,65,0,12,0,12,49,64,44,41,33,36,63,42,41,33,0,12,102,82,142,79
1500000US110010037001,110010037001,"Block Group 1, Census Tract 37, District of Columbia, District of Columbia",680,114,0,12,0,12,16,26,145,95,25,39,30,36,24,29,29,36,34,39,5,25,0,12,42,38,23,30,40,40,152,79,115,79
1500000US110010037002,110010037002,"Block Group 2, Census Tract 37, District of Columbia, District of Columbia",972,168,234,126,58,77,37,44,21,33,0,12,9,17,46,64,36,58,71,48,21,29,43,33,159,94,87,58,11,19,139,102,0,12
1500000US110010037003,110010037003,"Block Group 3, Census Tract 37, District of Columbia, District of Columbia",748,139,52,37,8,15,13,20,15,25,49,53,17,26,44,68,98,87,0,12,16,26,98,76,80,66,105,84,47,73,51,45,55,39
1500000US110010038001,110010038001,"Block Group 1, Census Tract 38, District of Columbia, District of Columbia",1135,178,91,71,0,12,42,40,0,12,0,12,14,21,0,12,47,72,32,38,30,44,30,39,127,69,197,113,149,109,138,88,238,113
1500000US110010038002,110010038002,"Block Group 2, Census Tract 38, District of Columbia, District of Columbia",1041,155,50,78,58,59,0,12,30,34,64,77,17,26,64,55,24,30,35,40,52,50,82,66,165,93,57,53,59,51,122,90,162,81
1500000US110010038003,110010038003,"Block Group 3, Census Tract 38, District of Columbia, District of Columbia",526,114,66,57,0,12,34,34,0,12,17,29,89,59,10,17,28,48,0,12,50,47,35,41,181,76,16,25,0,12,0,12,0,12
1500000US110010039001,110010039001,"Block Group 1, Census Tract 39, District of Columbia, District of Columbia",867,151,117,84,0,12,29,35,12,20,10,15,13,21,24,29,40,38,16,31,44,42,40,31,247,129,59,49,91,82,81,70,44,51
1500000US110010039002,110010039002,"Block Group 2, Census Tract 39, District of Columbia, District of Columbia",679,124,85,85,15,24,0,12,16,26,0,12,0,12,20,24,0,12,0,12,75,77,92,66,106,60,113,92,12,19,71,56,74,45
1500000US110010039003,110010039003,"Block Group 3, Census Tract 39, District of Columbia, District of Columbia",718,140,13,22,0,12,61,85,9,16,87,77,0,12,27,31,26,43,45,71,54,38,25,28,107,60,41,38,47,45,63,47,113,41
1500000US110010039004,110010039004,"Block Group 4, Census Tract 39, District of Columbia, District of Columbia",382,90,0,12,0,12,17,23,0,12,0,12,0,12,16,26,0,12,15,24,72,72,42,30,43,38,36,34,16,28,29,33,96,49
1500000US110010040011,110010040011,"Block Group 1, Census Tract 40.01, District of Columbia, District of Columbia",694,125,31,35,0,12,84,91,12,20,0,12,0,12,0,12,16,25,0,12,26,30,29,29,179,93,23,27,77,57,44,40,173,78
1500000US110010040012,110010040012,"Block Group 2, Census Tract 40.01, District of Columbia, District of Columbia",380,78,0,12,0,12,0,12,15,24,0,12,17,26,0,12,15,22,0,12,42,39,29,33,17,28,14,23,57,43,68,53,106,60
1500000US110010040013,110010040013,"Block Group 3, Census Tract 40.01, District of Columbia, District of Columbia",1149,132,23,28,0,12,21,31,34,40,0,12,0,12,0,12,0,12,30,33,184,111,87,60,77,44,245,112,90,57,139,77,219,84
1500000US110010040021,110010040021,"Block Group 1, Census Tract 40.02, District of Columbia, District of Columbia",358,92,4,7,28,20,0,12,0,12,5,8,0,12,9,14,0,12,45,44,34,42,20,22,102,62,22,21,27,25,7,11,55,45
1500000US110010040022,110010040022,"Block Group 2, Census Tract 40.02, District of Columbia, District of Columbia",981,116,21,19,4,8,25,22,49,54,10,15,0,12,16,13,33,26,35,45,12,15,76,58,195,92,209,93,121,51,66,37,109,43
1500000US110010040023,110010040023,"Block Group 3, Census Tract 40.02, District of Columbia, District of Columbia",440,76,28,35,10,17,0,12,6,9,0,12,24,22,8,12,39,48,10,14,7,12,19,20,118,59,63,49,36,27,41,25,31,24
1500000US110010041001,110010041001,"Block Group 1, Census Tract 41, District of Columbia, District of Columbia",788,105,14,16,14,15,0,12,37,55,0,12,7,11,8,12,0,12,20,22,15,16,64,52,141,83,102,55,117,70,91,41,158,60
1500000US110010041002,110010041002,"Block Group 2, Census Tract 41, District of Columbia, District of Columbia",316,54,0,12,23,36,10,16,0,12,0,12,8,13,0,12,8,12,14,16,16,17,13,14,47,47,40,29,37,29,12,19,88,37
1500000US110010041003,110010041003,"Block Group 3, Census Tract 41, District of Columbia, District of Columbia",332,58,17,19,0,12,0,12,0,12,0,12,0,12,0,12,0,12,0,12,24,18,37,24,30,27,8,14,46,43,42,32,128,38
1500000US110010042011,110010042011,"Block Group 1, Census Tract 42.01, District of Columbia, District of Columbia",1074,125,37,35,13,21,53,67,0,12,22,23,0,12,26,30,15,24,12,21,65,51,213,88,193,95,230,107,87,57,39,36,69,47
1500000US110010042012,110010042012,"Block Group 2, Census Tract 42.01, District of Columbia, District of Columbia",1038,108,16,24,0,12,0,12,0,12,0,12,0,12,0,12,17,27,12,19,51,42,174,91,151,69,142,71,106,48,121,71,248,106
1500000US110010042021,110010042021,"Block Group 1, Census Tract 42.02, District of Columbia, District of Columbia",867,114,61,46,16,18,43,33,14,23,15,23,12,14,0,12,0,12,60,46,44,29,124,75,58,35,90,51,67,45,86,46,177,95
1500000US110010042022,110010042022,"Block Group 2, Census Tract 42.02, District of Columbia, District of Columbia",845,104,33,27,0,12,0,12,15,17,10,15,22,24,0,12,20,25,51,33,55,36,132,75,120,54,89,47,114,65,68,40,116,46
1500000US110010043001,110010043001,"Block Group 1, Census Tract 43, District of Columbia, District of Columbia",1199,122,76,39,66,43,37,33,83,63,7,12,64,53,33,54,69,50,7,11,69,51,101,64,156,63,103,57,147,90,90,52,91,55
1500000US110010043002,110010043002,"Block Group 2, Census Tract 43, District of Columbia, District of Columbia",749,120,48,44,29,45,17,26,11,17,0,12,31,35,29,31,9,15,0,12,31,30,107,69,59,47,109,84,21,32,109,56,139,64
1500000US110010044001,110010044001,"Block Group 1, Census Tract 44, District of Columbia, District of Columbia",1863,122,182,87,67,76,0,12,21,26,0,12,13,20,102,85,33,38,23,19,24,27,118,95,103,59,226,109,167,92,386,126,398,117
1500000US110010044002,110010044002,"Block Group 2, Census Tract 44, District of Columbia, District of Columbia",785,116,17,26,5,13,0,12,22,39,0,12,0,12,0,12,58,87,30,48,13,20,28,29,64,63,81,75,125,87,144,70,198,75
1500000US110010046001,110010046001,"Block Group 1, Census Tract 46, District of Columbia, District of Columbia",476,88,84,75,43,39,9,14,38,47,27,43,0,12,10,15,0,12,19,15,6,10,0,12,19,20,30,28,70,53,61,46,60,42
1500000US110010046002,110010046002,"Block Group 2, Census Tract 46, District of Columbia, District of Columbia",736,104,33,25,0,12,45,48,8,12,34,42,60,56,25,40,23,24,18,19,40,45,62,59,64,38,72,36,81,63,104,62,67,38
1500000US110010047011,110010047011,"Block Group 1, Census Tract 47.01, District of Columbia, District of Columbia",564,133,152,126,79,79,109,84,63,58,0,12,0,12,57,78,28,40,0,12,0,12,0,12,18,32,0,12,0,12,58,90,0,12
1500000US110010047012,110010047012,"Block Group 2, Census Tract 47.01, District of Columbia, District of Columbia",1654,160,312,126,180,115,75,78,121,112,105,86,28,36,0,12,63,64,27,42,76,69,89,68,108,121,165,102,53,69,148,90,104,72
1500000US110010047021,110010047021,"Block Group 1, Census Tract 47.02, District of Columbia, District of Columbia",1216,60,140,63,84,46,49,45,26,27,13,20,15,15,10,11,15,18,29,27,78,57,87,47,198,57,117,58,73,47,161,61,121,47
1500000US110010048011,110010048011,"Block Group 1, Census Tract 48.01, District of Columbia, District of Columbia",958,124,67,34,73,55,36,47,64,62,19,21,9,14,22,28,0,12,32,20,0,12,26,29,134,57,175,70,75,38,88,63,138,63
1500000US110010048021,110010048021,"Block Group 1, Census Tract 48.02, District of Columbia, District of Columbia",684,113,11,18,26,29,0,12,8,12,20,23,23,28,8,13,21,25,13,17,56,52,23,21,130,81,61,44,49,33,98,59,137,71
1500000US110010048022,110010048022,"Block Group 2, Census Tract 48.02, District of Columbia, District of Columbia",901,107,157,76,86,62,68,56,59,43,39,41,53,48,33,26,54,51,10,17,11,14,13,14,24,22,147,78,66,58,50,42,31,25
1500000US110010049011,110010049011,"Block Group 1, Census Tract 49.01, District of Columbia, District of Columbia",550,70,120,58,17,26,7,10,65,68,83,57,7,10,0,12,34,25,16,26,30,32,6,9,77,47,7,9,24,26,37,24,20,17
1500000US110010049012,110010049012,"Block Group 2, Census Tract 49.01, District of Columbia, District of Columbia",475,69,64,36,31,25,6,10,6,9,0,12,0,12,6,10,27,42,0,12,24,20,69,44,52,35,17,14,18,15,60,29,95,46
1500000US110010049021,110010049021,"Block Group 1, Census Tract 49.02, District of Columbia, District of Columbia",297,82,83,53,50,45,0,12,15,17,27,33,0,12,30,47,0,12,29,32,7,11,0,12,7,12,0,12,19,22,12,19,18,14
1500000US110010049022,110010049022,"Block Group 2, Census Tract 49.02, District of Columbia, District of Columbia",1109,103,17,20,63,73,28,27,0,12,33,35,80,59,68,61,41,36,33,52,37,29,17,19,45,29,135,75,107,45,141,55,264,67
1500000US110010050011,110010050011,"Block Group 1, Census Tract 50.01, District of Columbia, District of Columbia",420,82,0,12,0,12,0,12,0,12,0,12,0,12,0,12,0,12,4,7,0,12,48,60,24,15,91,50,67,58,66,52,120,60
1500000US110010050012,110010050012,"Block Group 2, Census Tract 50.01, District of Columbia, District of Columbia",537,99,6,12,10,11,6,10,5,9,0,12,51,70,7,11,0,12,5,7,5,8,24,23,79,80,68,50,60,59,58,34,153,61
1500000US110010050021,110010050021,"Block Group 1, Census Tract 50.02, District of Columbia, District of Columbia",1061,160,143,108,112,81,140,103,0,12,0,12,103,46,40,47,80,91,0,12,107,79,28,32,73,72,51,53,68,50,55,45,61,44
1500000US110010050022,110010050022,"Block Group 2, Census Tract 50.02, District of Columbia, District of Columbia",1162,185,30,36,56,59,22,36,0,12,7,12,25,22,0,12,23,35,0,12,76,92,86,76,196,130,126,87,148,107,162,88,205,111
1500000US110010050023,110010050023,"Block Group 3, Census Tract 50.02, District of Columbia, District of Columbia",608,187,14,24,0,12,0,12,90,115,0,12,59,93,0,12,43,69,12,19,13,22,14,23,136,113,37,39,80,62,34,31,76,72
1500000US110010050024,110010050024,"Block Group 4, Census Tract 50.02, District of Columbia, District of Columbia",693,163,37,43,53,57,41,45,0,12,13,21,24,39,24,29,29,35,0,12,0,12,177,113,122,74,67,58,21,25,61,73,24,28
1500000US110010052011,110010052011,"Block Group 1, Census Tract 52.01, District of Columbia, District of Columbia",1580,202,188,91,21,23,39,66,61,95,25,37,38,46,52,66,34,39,11,36,157,122,239,163,152,92,110,127,44,50,167,115,242,134
1500000US110010052012,110010052012,"Block Group 2, Census Tract 52.01, District of Columbia, District of Columbia",954,182,0,12,11,19,0,12,0,12,0,12,34,56,64,103,0,12,0,12,61,57,32,30,114,83,155,114,74,50,154,88,255,155
1500000US110010052013,110010052013,"Block Group 3, Census Tract 52.01, District of Columbia, District of Columbia",584,113,27,32,0,12,0,12,0,12,11,17,0,12,29,47,22,35,13,22,13,21,104,111,62,73,127,92,42,49,57,48,77,58
1500000US110010052014,110010052014,"Block Group 4, Census Tract 52.01, District of Columbia, District of Columbia",970,201,147,140,0,12,20,32,0,12,0,12,0,12,50,55,22,37,13,20,0,12,47,36,48,55,166,97,85,73,87,57,285,143
1500000US110010053011,110010053011,"Block Group 1, Census Tract 53.01, District of Columbia, District of Columbia",575,122,0,12,14,22,0,12,0,12,16,25,6,11,12,20,60,74,33,36,24,28,12,19,63,53,92,55,52,62,129,79,62,43
1500000US110010053012,110010053012,"Block Group 2, Census Tract 53.01, District of Columbia, District of Columbia",855,132,16,25,0,12,0,12,0,12,16,26,10,17,27,31,10,16,0,12,15,24,38,45,168,90,149,81,97,59,129,80,180,87
1500000US110010053013,110010053013,"Block Group 3, Census Tract 53.01, District of Columbia, District of Columbia",1027,135,146,70,18,29,0,12,0,12,17,27,159,122,0,12,25,28,26,30,94,85,171,94,120,60,27,30,68,53,88,52,68,45
1500000US110010053014,110010053014,"Block Group 4, Census Tract 53.01, District of Columbia, District of Columbia",976,140,86,84,0,12,0,12,13,21,0,12,15,23,0,12,12,19,83,81,70,50,83,50,111,78,90,70,85,84,106,58,222,93
1500000US110010055001,110010055001,"Block Group 1, Census Tract 55, District of Columbia, District of Columbia",499,168,10,16,0,12,43,67,0,12,0,12,58,65,0,12,0,12,18,30,29,37,30,33,10,16,181,146,48,53,27,44,45,55
1500000US110010055002,110010055002,"Block Group 2, Census Tract 55, District of Columbia, District of Columbia",1576,233,52,38,23,37,26,31,0,12,0,12,19,31,0,12,34,38,0,12,186,122,80,70,300,161,87,67,108,89,163,105,498,229
1500000US110010055003,110010055003,"Block Group 3, Census Tract 55, District of Columbia, District of Columbia",1106,183,143,111,13,23,25,40,52,61,0,12,25,41,0,12,0,12,72,92,76,72,128,99,132,107,99,74,104,84,53,59,184,99
1500000US110010055004,110010055004,"Block Group 4, Census Tract 55, District of Columbia, District of Columbia",563,164,123,151,0,12,11,17,0,12,81,129,24,39,0,12,0,12,0,12,50,58,38,59,50,48,24,39,65,64,52,52,45,45
1500000US110010055005,110010055005,"Block Group 5, Census Tract 55, District of Columbia, District of Columbia",488,130,115,82,16,26,0,12,0,12,0,12,20,33,0,12,0,12,10,17,0,12,78,76,53,52,99,112,11,18,13,20,73,62
1500000US110010056001,110010056001,"Block Group 1, Census Tract 56, District of Columbia, District of Columbia",1339,190,209,111,83,66,14,22,55,45,40,51,38,36,23,29,77,73,64,50,161,130,52,50,149,106,109,65,62,46,120,93,83,70
1500000US110010056002,110010056002,"Block Group 2, Census Tract 56, District of Columbia, District of Columbia",1003,196,120,95,105,81,19,29,108,100,0,12,0,12,0,12,54,50,56,54,45,42,38,51,4,11,87,54,60,58,31,44,276,109
1500000US110010056003,110010056003,"Block Group 3, Census Tract 56, District of Columbia, District of Columbia",560,159,42,33,15,24,15,24,16,25,0,12,0,12,0,12,15,23,19,36,13,22,67,62,81,62,32,52,61,69,160,128,24,28
1500000US110010056004,110010056004,"Block Group 4, Census Tract 56, District of Columbia, District of Columbia",677,182,137,82,22,23,14,23,45,72,0,12,8,13,0,12,11,18,11,17,0,12,38,42,35,49,36,42,61,51,36,40,223,168
1500000US110010058001,110010058001,"Block Group 1, Census Tract 58, District of Columbia, District of Columbia",634,102,0,12,0,12,0,12,8,14,0,12,0,12,21,24,7,10,8,12,11,17,27,21,81,44,130,63,67,53,110,51,164,62
1500000US110010058002,110010058002,"Block Group 2, Census Tract 58, District of Columbia, District of Columbia",1084,102,170,59,9,14,0,12,21,17,16,14,43,45,17,21,22,19,21,25,19,22,59,50,83,44,95,49,114,59,183,70,212,69
1500000US110010059001,110010059001,"Block Group 1, Census Tract 59, District of Columbia, District of Columbia",1394,86,138,67,39,26,26,23,18,19,5,8,64,52,19,17,17,18,38,37,94,54,67,49,197,76,134,52,192,92,144,68,202,64
1500000US110010062021,110010062021,"Block Group 1, Census Tract 62.02, District of Columbia, District of Columbia",0,12,0,12,0,12,0,12,0,12,0,12,0,12,0,12,0,12,0,12,0,12,0,12,0,12,0,12,0,12,0,12,0,12
1500000US110010064001,110010064001,"Block Group 1, Census Tract 64, District of Columbia, District of Columbia",506,76,143,64,94,54,59,43,40,30,23,23,30,38,38,50,0,12,0,12,24,28,5,7,13,11,21,22,0,12,7,10,9,13
1500000US110010064002,110010064002,"Block Group 2, Census Tract 64, District of Columbia, District of Columbia",447,98,151,69,13,14,18,18,60,50,36,32,45,45,49,52,6,10,14,16,13,21,27,34,0,12,5,9,0,12,10,18,0,12
1500000US110010065001,110010065001,"Block Group 1, Census Tract 65, District of Columbia, District of Columbia",497,64,11,12,4,6,0,12,0,12,23,38,25,22,9,15,16,20,13,20,36,27,40,41,86,50,45,38,55,52,48,28,86,45
1500000US110010065002,110010065002,"Block Group 2, Census Tract 65, District of Columbia, District of Columbia",661,96,0,12,8,12,7,12,6,10,16,18,35,44,13,16,13,20,0,12,16,16,37,32,55,34,59,37,61,37,114,64,221,80
1500000US110010066001,110010066001,"Block Group 1, Census Tract 66, District of Columbia, District of Columbia",855,86,9,13,16,19,9,15,0,12,8,13,21,21,9,11,15,17,0,12,13,15,20,20,107,53,78,47,103,45,152,51,295,72
1500000US110010067001,110010067001,"Block Group 1, Census Tract 67, District of Columbia, District of Columbia",530,71,0,12,0,12,7,11,7,11,0,12,0,12,0,12,0,12,7,11,39,34,35,32,65,39,86,38,51,37,96,57,137,52
1500000US110010067002,110010067002,"Block Group 2, Census Tract 67, District of Columbia, District of Columbia",584,80,19,29,0,12,0,12,35,44,0,12,7,13,6,10,20,18,0,12,20,23,51,34,23,22,105,61,52,39,26,24,220,67
1500000US110010067003,110010067003,"Block Group 3, Census Tract 67, District of Columbia, District of Columbia",673,105,35,43,0,12,0,12,0,12,7,11,0,12,6,9,23,22,14,21,0,12,49,43,54,35,76,60,90,54,91,56,228,76
1500000US110010068011,110010068011,"Block Group 1, Census Tract 68.01, District of Columbia, District of Columbia",555,71,53,41,26,25,32,26,0,12,25,29,10,10,17,13,10,12,18,21,67,49,22,13,84,43,60,37,45,25,30,24,56,29
1500000US110010068012,110010068012,"Block Group 2, Census Tract 68.01, District of Columbia, District of Columbia",283,45,5,8,0,12,11,12,0,12,0,12,5,8,22,28,5,7,15,19,9,10,36,27,41,26,40,28,21,19,52,26,21,14
1500000US110010068021,110010068021,"Block Group 1, Census Tract 68.02, District of Columbia, District of Columbia",325,48,24,24,5,9,0,12,5,7,6,9,4,6,19,21,11,12,9,14,36,25,8,10,20,18,22,19,25,16,54,33,77,39
1500000US110010068022,110010068022,"Block Group 2, Census Tract 68.02, District of Columbia, District of Columbia",590,61,33,32,19,17,26,18,15,13,6,10,27,27,25,16,46,41,0,12,17,15,21,13,46,36,72,35,55,37,77,27,105,45
1500000US110010068041,110010068041,"Block Group 1, Census Tract 68.04, District of Columbia, District of Columbia",0,12,0,12,0,12,0,12,0,12,0,12,0,12,0,12,0,12,0,12,0,12,0,12,0,12,0,12,0,12,0,12,0,12
1500000US110010069001,110010069001,"Block Group 1, Census Tract 69, District of Columbia, District of Columbia",908,64,69,65,44,45,23,23,35,40,31,22,20,24,19,21,0,12,24,20,89,67,64,53,78,55,112,63,76,56,83,41,141,66
1500000US110010069002,110010069002,"Block Group 2, Census Tract 69, District of Columbia, District of Columbia",283,52,0,12,0,12,0,12,0,12,0,12,0,12,0,12,7,12,0,12,28,23,0,12,9,15,9,12,83,49,42,34,105,46
1500000US110010070001,110010070001,"Block Group 1, Census Tract 70, District of Columbia, District of Columbia",679,79,55,58,0,12,0,12,0,12,0,12,0,12,0,12,10,15,11,17,8,12,63,35,84,44,83,41,101,41,103,73,161,50
1500000US110010070002,110010070002,"Block Group 2, Census Tract 70, District of Columbia, District of Columbia",498,67,10,15,20,22,9,14,0,12,0,12,0,12,0,12,0,12,25,23,32,29,111,60,65,35,79,52,12,18,64,36,71,36
1500000US110010071001,110010071001,"Block Group 1, Census Tract 71, District of Columbia, District of Columbia",307,89,81,66,6,11,37,46,0,12,0,12,0,12,0,12,10,15,0,12,18,30,51,53,28,24,15,16,10,15,35,36,16,18
1500000US110010071002,110010071002,"Block Group 2, Census Tract 71, District of Columbia, District of Columbia",1074,90,142,85,77,65,30,26,32,37,62,55,41,46,19,20,24,22,44,36,15,16,86,66,122,49,90,54,74,42,74,40,142,51
1500000US110010072001,110010072001,"Block Group 1, Census Tract 72, District of Columbia, District of Columbia",1548,135,36,32,29,37,26,33,21,35,0,12,27,33,31,28,47,39,55,40,44,32,66,48,248,71,296,99,151,71,385,96,86,44
1500000US110010072002,110010072002,"Block Group 2, Census Tract 72, District of Columbia, District of Columbia",564,92,80,39,95,51,34,36,14,25,14,21,0,12,9,13,37,28,8,13,44,36,13,14,70,43,16,18,57,47,41,39,32,31
1500000US110010073011,110010073011,"Block Group 1, Census Tract 73.01, District of Columbia, District of Columbia",852,86,25,24,0,12,0,12,22,17,52,30,81,47,66,49,29,25,49,31,62,33,67,48,163,68,45,42,98,65,56,46,37,29
1500000US110010073041,110010073041,"Block Group 1, Census Tract 73.04, District of Columbia, District of Columbia",844,78,225,84,43,35,98,65,62,50,18,29,8,13,20,32,43,34,57,42,40,34,79,64,45,38,39,30,19,24,33,33,15,17
1500000US110010073042,110010073042,"Block Group 2, Census Tract 73.04, District of Columbia, District of Columbia",234,66,54,48,33,31,10,19,10,16,0,12,0,12,18,28,19,21,0,12,7,11,36,41,31,28,0,12,6,10,0,12,10,14
1500000US110010073043,110010073043,"Block Group 3, Census Tract 73.04, District of Columbia, District of Columbia",163,46,34,40,11,16,0,12,23,35,8,12,0,12,0,12,11,17,8,12,0,12,34,32,27,22,7,11,0,12,0,12,0,12
1500000US110010074011,110010074011,"Block Group 1, Census Tract 74.01, District of Columbia, District of Columbia",473,61,174,63,76,40,40,32,25,22,9,14,39,28,21,19,0,12,25,25,8,13,33,26,5,9,13,21,0,12,5,9,0,12
1500000US110010074012,110010074012,"Block Group 2, Census Tract 74.01, District of Columbia, District of Columbia",426,64,188,65,16,14,31,30,81,36,41,32,16,20,11,17,0,12,0,12,19,28,0,12,23,18,0,12,0,12,0,12,0,12
1500000US110010074031,110010074031,"Block Group 1, Census Tract 74.03, District of Columbia, District of Columbia",1081,77,238,97,159,86,46,41,46,48,90,49,143,102,39,33,38,51,30,28,70,61,83,58,34,37,26,26,20,31,0,12,19,30
1500000US110010074041,110010074041,"Block Group 1, Census Tract 74.04, District of Columbia, District of Columbia",757,123,118,70,68,49,51,59,123,84,76,55,95,70,9,14,48,45,16,19,22,35,52,60,30,51,0,12,0,12,49,74,0,12
1500000US110010074042,110010074042,"Block Group 2, Census Tract 74.04, District of Columbia, District of Columbia",268,97,31,38,0,12,72,50,0,12,18,27,0,12,17,26,20,31,0,12,34,43,0,12,50,36,0,12,26,40,0,12,0,12
1500000US110010074043,110010074043,"Block Group 3, Census Tract 74.04, District of Columbia, District of Columbia",154,89,49,51,20,31,0,12,0,12,44,56,0,12,0,12,0,12,0,12,24,39,11,18,6,11,0,12,0,12,0,12,0,12
1500000US110010074061,110010074061,"Block Group 1, Census Tract 74.06, District of Columbia, District of Columbia",642,97,66,50,25,39,56,44,55,44,11,18,81,63,21,32,61,62,75,68,52,43,75,56,26,28,24,26,14,23,0,12,0,12
1500000US110010074062,110010074062,"Block Group 2, Census Tract 74.06, District of Columbia, District of Columbia",312,100,68,50,87,65,52,59,15,22,9,14,6,11,5,9,29,32,0,12,0,12,20,19,21,33,0,12,0,12,0,12,0,12
1500000US110010074071,110010074071,"Block Group 1, Census Tract 74.07, District of Columbia, District of Columbia",305,77,26,28,8,12,40,37,12,18,15,24,2,8,41,41,36,35,11,17,39,45,27,27,29,36,0,12,7,11,12,18,0,12
1500000US110010074072,110010074072,"Block Group 2, Census Tract 74.07, District of Columbia, District of Columbia",853,96,166,79,64,50,30,46,52,38,41,37,86,54,12,18,71,53,5,11,61,50,111,62,59,41,51,47,8,14,0,12,36,39
1500000US110010074081,110010074081,"Block Group 1, Census Tract 74.08, District of Columbia, District of Columbia",1052,99,257,87,100,53,95,54,87,60,101,73,93,61,25,39,36,41,17,24,87,48,55,45,82,55,0,12,11,18,0,12,6,9
1500000US110010074091,110010074091,"Block Group 1, Census Tract 74.09, District of Columbia, District of Columbia",425,86,13,16,38,33,65,59,12,14,64,45,31,46,26,32,62,64,26,40,15,25,73,61,0,12,0,12,0,12,0,12,0,12
1500000US110010074092,110010074092,"Block Group 2, Census Tract 74.09, District of Columbia, District of Columbia",437,88,154,70,22,21,25,24,0,12,25,30,0,12,0,12,10,18,0,12,25,24,5,8,83,58,18,23,45,45,25,29,0,12
1500000US110010074093,110010074093,"Block Group 3, Census Tract 74.09, District of Columbia, District of Columbia",680,91,117,63,76,63,32,26,31,40,49,56,43,40,54,61,50,53,67,61,89,80,8,14,37,45,6,11,21,34,0,12,0,12
1500000US110010075021,110010075021,"Block Group 1, Census Tract 75.02, District of Columbia, District of Columbia",998,125,288,97,116,75,62,56,15,18,74,74,74,51,21,25,139,75,0,12,51,50,36,36,60,59,19,25,0,12,26,30,17,28
1500000US110010075022,110010075022,"Block Group 2, Census Tract 75.02, District of Columbia, District of Columbia",689,131,242,93,90,51,33,26,7,11,21,24,28,45,61,58,18,21,33,44,17,26,51,44,36,40,30,24,0,12,7,10,15,20
1500000US110010075031,110010075031,"Block Group 1, Census Tract 75.03, District of Columbia, District of Columbia",331,66,61,35,41,31,0,12,13,13,11,13,5,8,0,12,36,36,50,34,21,21,31,30,17,14,20,21,16,15,0,12,9,14
1500000US110010075032,110010075032,"Block Group 2, Census Tract 75.03, District of Columbia, District of Columbia",568,83,122,44,71,40,31,23,65,49,32,24,36,32,61,36,21,21,0,12,25,27,74,44,16,17,14,18,0,12,0,12,0,12
1500000US110010075041,110010075041,"Block Group 1, Census Tract 75.04, District of Columbia, District of Columbia",988,106,259,93,120,64,145,71,84,56,15,17,6,9,37,28,10,16,49,53,68,36,11,17,91,66,36,41,37,46,14,16,6,10
1500000US110010076011,110010076011,"Block Group 1, Census Tract 76.01, District of Columbia, District of Columbia",285,130,0,12,38,47,0,12,37,46,18,32,0,12,70,71,49,58,15,23,27,30,0,12,9,17,0,12,12,22,0,12,10,18
1500000US110010076012,110010076012,"Block Group 2, Census Tract 76.01, District of Columbia, District of Columbia",277,85,83,56,0,12,13,21,8,14,0,12,32,38,0,12,0,12,12,19,50,54,34,52,11,18,14,21,10,16,10,16,0,12
1500000US110010076013,110010076013,"Block Group 3, Census Tract 76.01, District of Columbia, District of Columbia",579,112,120,96,21,23,21,24,0,12,26,28,21,24,0,12,28,45,43,37,45,37,77,66,55,45,31,28,13,20,38,41,40,44
1500000US110010076014,110010076014,"Block Group 4, Census Tract 76.01, District of Columbia, District of Columbia",364,130,83,81,23,39,57,72,12,20,47,60,11,17,58,52,21,35,14,23,0,12,19,29,19,30,0,12,0,12,0,12,0,12
1500000US110010076015,110010076015,"Block Group 5, Census Tract 76.01, District of Columbia, District of Columbia",303,95,22,35,19,16,41,44,28,33,0,12,12,20,0,12,0,12,8,13,0,12,55,65,67,69,37,38,0,12,14,20,0,12
1500000US110010076031,110010076031,"Block Group 1, Census Tract 76.03, District of Columbia, District of Columbia",759,201,83,114,41,38,0,12,79,78,97,108,36,44,52,86,13,21,31,36,44,51,180,130,61,48,42,52,0,12,0,12,0,12
1500000US110010076032,110010076032,"Block Group 2, Census Tract 76.03, District of Columbia, District of Columbia",372,135,8,16,0,12,14,22,0,12,0,12,26,41,14,25,0,12,27,23,17,29,0,12,124,125,34,39,47,61,49,74,12,21
1500000US110010076033,110010076033,"Block Group 3, Census Tract 76.03, District of Columbia, District of Columbia",244,95,0,12,0,12,14,21,0,12,0,12,13,23,5,11,0,12,9,16,52,37,0,12,15,24,13,22,53,62,59,44,11,22
1500000US110010076034,110010076034,"Block Group 4, Census Tract 76.03, District of Columbia, District of Columbia",585,195,82,111,0,12,0,12,0,12,55,65,39,48,16,25,61,76,84,68,35,51,112,124,47,75,34,46,20,30,0,12,0,12
1500000US110010076041,110010076041,"Block Group 1, Census Tract 76.04, District of Columbia, District of Columbia",477,112,53,47,39,32,33,26,38,26,0,12,28,29,0,12,37,48,18,21,56,56,42,41,56,49,44,43,0,12,24,38,9,15
1500000US110010076042,110010076042,"Block Group 2, Census Tract 76.04, District of Columbia, District of Columbia",672,87,43,42,38,34,0,12,23,21,0,12,37,36,6,10,0,12,16,18,75,50,10,15,208,79,73,45,46,36,45,38,52,45
1500000US110010076043,110010076043,"Block Group 3, Census Tract 76.04, District of Columbia, District of Columbia",467,116,41,36,6,9,11,18,47,44,21,21,19,28,24,29,58,55,11,19,87,66,77,55,37,44,9,15,0,12,6,9,13,15
1500000US110010076051,110010076051,"Block Group 1, Census Tract 76.05, District of Columbia, District of Columbia",289,58,0,12,19,16,11,18,39,28,9,14,6,10,29,26,13,14,0,12,4,7,9,13,57,37,14,18,73,66,6,10,0,12
1500000US110010076052,110010076052,"Block Group 2, Census Tract 76.05, District of Columbia, District of Columbia",1044,105,150,82,70,57,64,47,18,20,9,14,57,42,37,29,60,56,82,61,106,67,98,54,180,88,55,45,46,38,12,20,0,12
1500000US110010076053,110010076053,"Block Group 3, Census Tract 76.05, District of Columbia, District of Columbia",230,72,61,51,45,36,9,14,42,39,47,34,0,12,0,12,0,12,0,12,0,12,9,14,0,12,6,9,0,12,0,12,11,18
1500000US110010077031,110010077031,"Block Group 1, Census Tract 77.03, District of Columbia, District of Columbia",488,101,86,69,50,64,75,79,0,12,0,12,13,21,42,56,0,12,37,39,14,24,41,63,43,42,48,54,39,49,0,12,0,12
1500000US110010077032,110010077032,"Block Group 2, Census Tract 77.03, District of Columbia, District of Columbia",426,147,85,75,0,12,23,28,25,42,0,12,48,60,99,112,65,73,0,12,28,47,0,12,27,44,0,12,26,45,0,12,0,12
1500000US110010077033,110010077033,"Block Group 3, Census Tract 77.03, District of Columbia, District of Columbia",1031,176,306,161,105,79,83,82,125,96,153,125,44,54,18,22,17,25,19,28,37,60,56,55,39,40,13,21,0,12,0,12,16,27
1500000US110010077034,110010077034,"Block Group 4, Census Tract 77.03, District of Columbia, District of Columbia",227,100,63,61,36,41,13,22,0,12,10,25,0,12,0,12,61,75,0,12,0,12,0,12,12,19,0,12,0,12,0,12,32,50
1500000US110010077071,110010077071,"Block Group 1, Census Tract 77.07, District of Columbia, District of Columbia",953,128,94,75,33,34,177,96,23,19,50,45,152,91,9,14,13,21,49,42,141,86,89,64,51,43,64,50,0,12,8,15,0,12
1500000US110010077072,110010077072,"Block Group 2, Census Tract 77.07, District of Columbia, District of Columbia",514,97,6,9,11,16,39,42,15,23,20,23,8,12,60,54,10,11,17,20,68,40,64,36,54,41,71,46,0,12,42,41,29,29
1500000US110010077081,110010077081,"Block Group 1, Census Tract 77.08, District of Columbia, District of Columbia",527,108,129,83,21,22,46,50,11,17,60,50,17,18,30,30,39,52,10,16,43,46,26,29,28,45,61,54,6,10,0,12,0,12
1500000US110010077082,110010077082,"Block Group 2, Census Tract 77.08, District of Columbia, District of Columbia",572,115,121,76,49,52,35,34,63,50,36,41,19,24,18,20,45,42,11,18,24,38,24,25,106,69,13,17,0,12,8,13,0,12
1500000US110010077091,110010077091,"Block Group 1, Census Tract 77.09, District of Columbia, District of Columbia",549,106,92,51,76,65,37,28,43,26,11,14,73,68,56,50,63,46,9,13,30,28,32,37,11,12,12,10,0,12,4,8,0,12
1500000US110010077092,110010077092,"Block Group 2, Census Tract 77.09, District of Columbia, District of Columbia",400,81,39,40,52,47,12,17,20,26,14,18,9,14,18,21,42,39,55,60,71,52,3,7,5,14,21,23,7,10,14,14,18,26
1500000US110010078031,110010078031,"Block Group 1, Census Tract 78.03, District of Columbia, District of Columbia",315,110,27,44,12,19,10,15,34,24,0,12,0,12,53,58,0,12,24,26,17,23,42,59,96,69,0,12,0,12,0,12,0,12
1500000US110010078032,110010078032,"Block Group 2, Census Tract 78.03, District of Columbia, District of Columbia",212,69,19,22,3,8,0,12,58,46,0,12,0,12,20,31,16,23,0,12,44,42,24,27,10,15,0,12,0,12,3,9,15,22
1500000US110010078033,110010078033,"Block Group 3, Census Tract 78.03, District of Columbia, District of Columbia",130,69,0,12,0,12,0,12,13,21,18,27,0,12,0,12,0,12,17,19,29,48,14,18,0,12,31,29,3,10,5,10,0,12
1500000US110010078034,110010078034,"Block Group 4, Census Tract 78.03, District of Columbia, District of Columbia",693,128,102,72,136,87,61,69,94,80,39,49,13,20,5,10,53,47,0,12,65,50,43,58,61,39,6,11,15,13,0,12,0,12
1500000US110010078041,110010078041,"Block Group 1, Census Tract 78.04, District of Columbia, District of Columbia",257,97,66,65,0,12,0,12,28,27,12,19,0,12,18,21,0,12,9,14,46,38,30,50,8,12,0,12,40,42,0,12,0,12
1500000US110010078042,110010078042,"Block Group 2, Census Tract 78.04, District of Columbia, District of Columbia",425,116,84,51,32,31,27,40,0,12,55,58,18,20,50,57,32,41,0,12,25,39,10,15,29,43,10,14,10,15,43,65,0,12
1500000US110010078043,110010078043,"Block Group 3, Census Tract 78.04, District of Columbia, District of Columbia",399,106,31,24,29,38,35,44,27,25,38,46,0,12,0,12,11,17,0,12,52,62,10,17,73,56,28,42,12,19,44,59,9,15
1500000US110010078061,110010078061,"Block Group 1, Census Tract 78.06, District of Columbia, District of Columbia",457,77,131,54,34,21,0,12,36,26,33,32,16,11,34,33,0,12,34,31,30,26,26,20,35,22,40,52,0,12,0,12,8,12
1500000US110010078062,110010078062,"Block Group 2, Census Tract 78.06, District of Columbia, District of Columbia",408,72,68,31,53,39,23,19,5,8,12,20,22,27,31,43,12,18,65,45,16,23,16,16,44,27,0,12,9,10,17,19,15,21
1500000US110010078071,110010078071,"Block Group 1, Census Tract 78.07, District of Columbia, District of Columbia",502,70,65,35,31,23,43,38,80,47,0,12,33,29,16,13,14,12,26,20,61,45,54,48,30,22,28,18,4,7,11,12,6,11
1500000US110010078072,110010078072,"Block Group 2, Census Tract 78.07, District of Columbia, District of Columbia",382,69,59,40,9,11,41,42,102,57,8,12,20,25,13,17,6,10,14,19,36,31,19,17,24,26,19,15,0,12,7,10,5,8
1500000US110010078081,110010078081,"Block Group 1, Census Tract 78.08, District of Columbia, District of Columbia",666,132,139,104,0,12,62,54,85,60,16,23,0,12,0,12,22,35,18,30,72,48,19,30,37,37,44,54,26,34,86,100,40,60
1500000US110010078082,110010078082,"Block Group 2, Census Tract 78.08, District of Columbia, District of Columbia",416,110,76,44,48,43,54,45,8,13,6,9,8,12,11,18,22,28,0,12,82,71,15,24,74,64,12,20,0,12,0,12,0,12
1500000US110010078083,110010078083,"Block Group 3, Census Tract 78.08, District of Columbia, District of Columbia",233,90,68,57,6,11,10,14,0,12,10,16,35,51,0,12,13,20,0,12,0,12,35,35,0,12,49,38,0,12,0,12,7,10
1500000US110010078091,110010078091,"Block Group 1, Census Tract 78.09, District of Columbia, District of Columbia",749,113,126,73,59,43,26,24,96,76,24,24,42,31,50,41,57,53,22,26,51,48,83,62,76,57,30,26,0,12,7,14,0,12
1500000US110010078092,110010078092,"Block Group 2, Census Tract 78.09, District of Columbia, District of Columbia",382,91,28,31,13,18,41,33,10,15,7,12,30,40,22,27,20,25,0,12,52,58,46,36,47,43,33,39,33,55,0,12,0,12
1500000US110010079011,110010079011,"Block Group 1, Census Tract 79.01, District of Columbia, District of Columbia",144,56,26,30,27,38,0,12,8,12,0,12,15,17,19,21,0,12,0,12,19,31,0,12,22,28,8,13,0,12,0,12,0,12
1500000US110010079012,110010079012,"Block Group 2, Census Tract 79.01, District of Columbia, District of Columbia",450,85,37,37,7,11,15,16,45,47,20,32,26,34,52,39,28,30,32,37,24,27,20,31,49,40,17,24,23,29,43,34,12,20
1500000US110010079013,110010079013,"Block Group 3, Census Tract 79.01, District of Columbia, District of Columbia",561,84,92,53,31,25,62,51,23,35,21,22,24,29,7,16,25,31,28,30,0,12,71,49,0,12,60,36,29,33,70,52,18,27
1500000US110010079014,110010079014,"Block Group 4, Census Tract 79.01, District of Columbia, District of Columbia",417,96,100,60,17,19,26,33,60,45,0,12,7,11,9,16,8,15,16,18,0,12,29,27,8,13,61,55,0,12,57,45,19,26
1500000US110010079031,110010079031,"Block Group 1, Census Tract 79.03, District of Columbia, District of Columbia",736,67,81,39,47,31,21,17,46,36,25,17,39,24,10,12,80,43,41,30,58,35,61,37,84,38,76,33,34,22,25,23,8,13
1500000US110010080011,110010080011,"Block Group 1, Census Tract 80.01, District of Columbia, District of Columbia",475,93,0,12,9,14,8,11,15,25,7,10,0,12,34,52,0,12,0,12,22,34,62,57,35,31,79,77,82,44,25,20,97,56
1500000US110010080012,110010080012,"Block Group 2, Census Tract 80.01, District of Columbia, District of Columbia",583,86,10,12,28,42,0,12,0,12,15,16,19,22,22,22,34,32,11,17,17,20,67,43,51,37,68,40,74,42,90,52,77,41
1500000US110010080013,110010080013,"Block Group 3, Census Tract 80.01, District of Columbia, District of Columbia",294,60,7,12,17,18,8,12,9,15,0,12,0,12,0,12,8,13,0,12,19,21,11,16,24,22,17,19,25,29,42,51,107,56
1500000US110010080021,110010080021,"Block Group 1, Census Tract 80.02, District of Columbia, District of Columbia",684,92,45,47,8,12,12,19,15,16,14,22,34,44,35,35,14,23,0,12,0,12,69,60,134,82,99,49,55,33,66,40,84,47
1500000US110010080022,110010080022,"Block Group 2, Census Tract 80.02, District of Columbia, District of Columbia",918,92,5,9,26,28,24,28,14,18,0,12,16,19,11,17,17,26,10,18,27,28,31,36,140,54,162,64,72,48,146,55,217,57
1500000US110010081001,110010081001,"Block Group 1, Census Tract 81, District of Columbia, District of Columbia",322,71,0,12,5,9,0,12,0,12,0,12,7,12,6,10,6,11,8,12,17,20,18,19,68,59,29,27,60,51,16,18,82,34
1500000US110010081002,110010081002,"Block Group 2, Census Tract 81, District of Columbia, District of Columbia",622,87,11,17,11,17,0,12,29,30,0,12,0,12,0,12,16,18,8,13,14,17,114,70,56,37,53,34,48,42,74,37,188,65
1500000US110010081003,110010081003,"Block Group 3, Census Tract 81, District of Columbia, District of Columbia",428,80,11,17,0,12,0,12,0,12,0,12,7,12,0,12,0,12,27,42,42,35,13,22,40,40,77,56,17,19,51,31,143,57
1500000US110010082001,110010082001,"Block Group 1, Census Tract 82, District of Columbia, District of Columbia",388,70,12,17,4,9,10,16,15,16,0,12,10,15,9,16,33,25,0,12,16,19,8,12,65,36,64,44,30,28,13,15,99,39
1500000US110010082002,110010082002,"Block Group 2, Census Tract 82, District of Columbia, District of Columbia",1037,97,65,47,18,28,8,14,12,16,8,12,12,14,0,12,27,25,9,15,80,51,87,48,243,99,88,53,41,29,107,61,232,80
1500000US110010083011,110010083011,"Block Group 1, Census Tract 83.01, District of Columbia, District of Columbia",464,71,23,24,10,15,0,12,6,10,0,12,9,13,0,12,5,9,11,16,28,24,11,12,58,38,43,36,40,37,75,38,145,56
1500000US110010083012,110010083012,"Block Group 2, Census Tract 83.01, District of Columbia, District of Columbia",543,66,7,11,0,12,7,10,0,12,0,12,36,44,9,14,0,12,15,16,0,12,34,37,53,34,101,62,29,26,111,58,141,63
1500000US110010083021,110010083021,"Block Group 1, Census Tract 83.02, District of Columbia, District of Columbia",985,46,33,33,24,22,0,12,29,33,5,8,28,26,8,11,41,29,27,26,35,23,31,22,161,63,141,49,91,40,146,51,185,57
1500000US110010084021,110010084021,"Block Group 1, Census Tract 84.02, District of Columbia, District of Columbia",434,88,0,12,11,16,31,47,5,10,0,12,9,14,7,12,27,32,30,31,0,12,38,30,113,65,20,21,45,51,53,34,45,32
1500000US110010084022,110010084022,"Block Group 2, Census Tract 84.02, District of Columbia, District of Columbia",611,88,95,58,79,45,8,13,0,12,9,15,0,12,19,21,55,40,24,23,0,12,84,57,50,34,64,40,39,37,25,23,60,43
1500000US110010084101,110010084101,"Block Group 1, Census Tract 84.10, District of Columbia, District of Columbia",533,55,17,28,3,4,20,19,11,9,8,13,16,17,6,9,17,22,13,16,25,29,32,24,62,31,120,38,81,36,56,34,46,23
1500000US110010087011,110010087011,"Block Group 1, Census Tract 87.01, District of Columbia, District of Columbia",490,79,0,12,9,10,25,31,6,9,27,36,20,32,45,44,12,15,37,34,4,6,54,28,38,26,49,42,38,33,105,50,21,21
1500000US110010087012,110010087012,"Block Group 2, Census Tract 87.01, District of Columbia, District of Columbia",400,73,46,26,8,9,6,9,2,4,6,7,29,32,26,29,17,20,28,27,48,36,21,21,50,33,35,25,45,33,29,28,4,6
1500000US110010087021,110010087021,"Block Group 1, Census Tract 87.02, District of Columbia, District of Columbia",366,55,44,32,11,11,22,18,9,14,7,11,0,12,15,14,24,23,0,12,42,29,39,28,20,16,38,29,78,41,17,19,0,12
1500000US110010087022,110010087022,"Block Group 2, Census Tract 87.02, District of Columbia, District of Columbia",331,59,119,55,20,21,0,12,6,9,26,21,0,12,11,17,5,7,14,21,27,28,15,17,16,19,26,19,9,10,18,20,19,17
1500000US110010088021,110010088021,"Block Group 1, Census Tract 88.02, District of Columbia, District of Columbia",259,74,19,24,9,14,10,16,27,25,0,12,8,12,0,12,38,45,0,12,22,25,50,42,50,45,18,15,0,12,0,12,8,14
1500000US110010088022,110010088022,"Block Group 2, Census Tract 88.02, District of Columbia, District of Columbia",583,103,160,61,44,26,43,38,38,38,5,10,16,14,9,14,21,35,23,34,37,40,43,47,44,32,60,53,0,12,30,29,10,15
1500000US110010088023,110010088023,"Block Group 3, Census Tract 88.02, District of Columbia, District of Columbia",453,84,24,24,8,12,0,12,37,37,26,23,17,20,36,38,0,12,14,15,50,47,24,23,77,62,49,31,14,17,37,27,40,42
1500000US110010088024,110010088024,"Block Group 4, Census Tract 88.02, District of Columbia, District of Columbia",504,86,44,30,47,47,48,39,28,45,37,46,9,15,28,32,24,24,0,12,0,12,90,61,23,23,63,45,10,16,15,18,38,42
1500000US110010088031,110010088031,"Block Group 1, Census Tract 88.03, District of Columbia, District of Columbia",480,60,162,61,77,49,20,23,24,22,19,21,33,29,21,18,7,13,22,27,11,15,15,22,27,22,36,37,6,9,0,12,0,12
1500000US110010088041,110010088041,"Block Group 1, Census Tract 88.04, District of Columbia, District of Columbia",359,97,32,37,21,22,48,53,1,6,26,42,0,12,0,12,1,7,24,38,58,45,41,35,30,25,11,15,11,16,49,56,6,10
1500000US110010088042,110010088042,"Block Group 2, Census Tract 88.04, District of Columbia, District of Columbia",763,125,97,58,149,87,20,25,73,60,64,58,20,23,25,28,66,65,23,35,29,27,89,61,51,39,38,49,4,7,15,18,0,12
1500000US110010089031,110010089031,"Block Group 1, Census Tract 89.03, District of Columbia, District of Columbia",942,124,123,85,65,56,67,66,63,61,19,29,60,63,50,55,32,40,24,28,26,27,84,63,242,114,57,44,11,18,7,13,12,20
1500000US110010089032,110010089032,"Block Group 2, Census Tract 89.03, District of Columbia, District of Columbia",473,126,109,78,40,52,38,49,58,56,53,59,14,22,25,29,13,21,0,12,23,27,60,51,40,58,0,12,0,12,0,12,0,12
1500000US110010089041,110010089041,"Block Group 1, Census Tract 89.04, District of Columbia, District of Columbia",1051,127,262,107,71,54,71,47,70,56,44,46,85,60,52,41,75,54,5,9,48,44,70,53,77,60,82,53,0,12,39,45,0,12
1500000US110010089042,110010089042,"Block Group 2, Census Tract 89.04, District of Columbia, District of Columbia",508,108,114,65,34,28,76,50,7,12,0,12,40,52,7,11,26,42,17,19,21,34,32,27,78,62,48,43,0,12,8,12,0,12
1500000US110010090001,110010090001,"Block Group 1, Census Tract 90, District of Columbia, District of Columbia",863,105,227,96,63,52,108,56,39,48,13,18,20,22,18,21,15,19,9,13,12,18,68,59,108,62,40,33,21,24,57,44,45,39
1500000US110010090002,110010090002,"Block Group 2, Census Tract 90, District of Columbia, District of Columbia",831,102,175,79,94,57,46,25,49,32,16,19,22,23,26,22,10,14,18,19,62,44,112,64,107,59,46,28,27,30,8,13,13,20
1500000US110010091021,110010091021,"Block Group 1, Census Tract 91.02, District of Columbia, District of Columbia",386,72,27,42,32,36,14,23,17,19,44,41,6,10,0,12,9,14,0,12,55,44,87,53,26,22,62,46,0,12,0,12,7,11
1500000US110010091022,110010091022,"Block Group 2, Census Tract 91.02, District of Columbia, District of Columbia",810,103,143,57,50,43,80,51,6,10,13,20,32,27,23,27,61,48,9,12,89,59,33,25,74,51,95,59,52,32,26,30,24,38
1500000US110010091023,110010091023,"Block Group 3, Census Tract 91.02, District of Columbia, District of Columbia",664,93,144,58,28,38,97,60,8,12,54,56,16,23,11,17,33,32,13,20,61,53,46,37,75,51,46,48,25,30,0,12,7,12
1500000US110010092011,110010092011,"Block Group 1, Census Tract 92.01, District of Columbia, District of Columbia",601,70,44,31,46,36,22,20,19,16,44,30,49,35,19,16,6,9,36,29,65,40,31,29,50,39,29,25,29,30,53,44,59,29
1500000US110010092031,110010092031,"Block Group 1, Census Tract 92.03, District of Columbia, District of Columbia",351,104,90,60,53,57,0,12,0,12,29,27,0,12,0,12,0,12,31,50,8,12,0,12,38,47,28,26,50,55,9,14,15,19
1500000US110010092032,110010092032,"Block Group 2, Census Tract 92.03, District of Columbia, District of Columbia",656,114,36,32,25,23,14,18,25,27,0,12,56,60,0,12,33,42,24,26,8,11,89,62,108,83,56,51,16,19,62,52,104,74
1500000US110010092041,110010092041,"Block Group 1, Census Tract 92.04, District of Columbia, District of Columbia",386,69,51,38,49,49,11,19,3,6,7,11,9,14,0,12,38,35,25,28,39,29,71,56,33,28,18,22,6,14,13,20,13,20
1500000US110010092042,110010092042,"Block Group 2, Census Tract 92.04, District of Columbia, District of Columbia",963,90,358,118,133,65,43,29,86,65,93,60,0,12,18,21,16,25,6,11,94,63,36,30,74,55,0,12,0,12,0,12,6,11
1500000US110010093011,110010093011,"Block Group 1, Census Tract 93.01, District of Columbia, District of Columbia",252,68,26,32,10,15,21,22,0,12,14,17,0,12,0,12,10,16,0,12,9,15,23,26,39,62,47,53,0,12,9,14,44,32
1500000US110010093012,110010093012,"Block Group 2, Census Tract 93.01, District of Columbia, District of Columbia",316,78,11,17,11,18,23,29,0,12,0,12,0,12,11,18,16,19,0,12,65,62,18,20,38,32,26,28,17,26,37,35,43,32
1500000US110010093013,110010093013,"Block Group 3, Census Tract 93.01, District of Columbia, District of Columbia",302,98,36,35,13,18,0,12,9,14,18,20,9,16,10,15,35,52,0,12,0,12,9,15,48,76,70,55,0,12,22,25,23,25
1500000US110010093014,110010093014,"Block Group 4, Census Tract 93.01, District of Columbia, District of Columbia",299,68,0,12,10,14,11,17,0,12,9,16,10,15,10,16,0,12,35,53,53,43,34,32,20,21,14,23,32,31,21,21,40,32
1500000US110010093021,110010093021,"Block Group 1, Census Tract 93.02, District of Columbia, District of Columbia",448,46,4,8,21,26,0,12,4,6,24,27,17,26,21,17,10,13,39,28,57,33,86,44,49,29,42,32,29,20,26,19,19,18
1500000US110010094001,110010094001,"Block Group 1, Census Tract 94, District of Columbia, District of Columbia",258,70,6,9,0,12,32,49,0,12,16,18,15,17,0,12,21,19,0,12,15,18,42,31,38,42,16,19,0,12,40,45,17,19
1500000US110010094002,110010094002,"Block Group 2, Census Tract 94, District of Columbia, District of Columbia",549,110,66,63,24,27,16,17,8,14,42,41,30,24,0,12,49,56,9,16,20,22,21,33,12,21,134,69,17,22,43,32,58,62
1500000US110010094003,110010094003,"Block Group 3, Census Tract 94, District of Columbia, District of Columbia",517,104,9,14,18,22,53,51,16,21,53,49,10,15,0,12,27,42,0,12,19,30,90,71,55,54,53,37,92,54,22,22,0,12
1500000US110010094004,110010094004,"Block Group 4, Census Tract 94, District of Columbia, District of Columbia",327,63,20,23,6,11,13,23,0,12,0,12,6,10,0,12,0,12,0,12,29,34,45,28,84,40,22,20,28,27,18,22,56,47
1500000US110010095011,110010095011,"Block Group 1, Census Tract 95.01, District of Columbia, District of Columbia",783,123,41,30,44,53,48,47,45,63,74,60,42,32,35,44,28,42,65,60,91,69,96,51,84,54,15,23,63,39,9,15,3,6
1500000US110010095012,110010095012,"Block Group 2, Census Tract 95.01, District of Columbia, District of Columbia",356,97,20,23,61,59,0,12,61,67,8,15,21,23,8,12,31,51,19,22,51,57,32,24,44,44,0,12,0,12,0,12,0,12
1500000US110010095013,110010095013,"Block Group 3, Census Tract 95.01, District of Columbia, District of Columbia",624,97,139,70,35,42,20,21,34,37,8,13,43,46,32,29,22,25,18,21,28,25,50,46,104,77,33,27,24,38,26,32,8,15
1500000US110010095031,110010095031,"Block Group 1, Census Tract 95.03, District of Columbia, District of Columbia",628,92,41,41,10,16,21,26,14,16,11,18,36,36,20,24,14,16,26,25,33,26,28,28,150,61,115,60,75,68,22,27,12,19
1500000US110010095032,110010095032,"Block Group 2, Census Tract 95.03, District of Columbia, District of Columbia",284,81,38,42,0,12,19,22,0,12,8,12,14,16,0,12,30,43,0,12,24,22,0,12,95,67,20,22,8,14,18,21,10,16
1500000US110010095033,110010095033,"Block Group 3, Census Tract 95.03, District of Columbia, District of Columbia",313,68,7,12,13,21,16,18,41,35,8,13,0,12,6,10,26,21,7,10,5,9,24,27,88,57,0,12,19,17,42,41,11,17
1500000US110010095041,110010095041,"Block Group 1, Census Tract 95.04, District of Columbia, District of Columbia",808,116,81,49,15,17,0,12,42,29,6,10,61,58,24,28,96,64,52,46,16,18,151,81,46,39,31,32,64,65,10,14,113,75
1500000US110010095042,110010095042,"Block Group 2, Census Tract 95.04, District of Columbia, District of Columbia",408,89,7,11,12,18,0,12,0,12,7,11,4,6,17,28,0,12,6,9,59,64,112,57,26,21,68,56,39,26,44,29,7,12
1500000US110010095051,110010095051,"Block Group 1, Census Tract 95.05, District of Columbia, District of Columbia",345,85,0,12,32,26,11,17,0,12,22,25,21,31,0,12,24,26,12,19,24,27,65,42,72,83,8,12,30,45,11,18,13,20
1500000US110010095052,110010095052,"Block Group 2, Census Tract 95.05, District of Columbia, District of Columbia",371,77,12,19,10,15,12,18,10,15,10,16,0,12,0,12,41,55,18,20,52,39,30,38,11,17,68,49,33,32,43,34,21,25
1500000US110010095053,110010095053,"Block Group 3, Census Tract 95.05, District of Columbia, District of Columbia",385,92,66,55,32,44,12,18,0,12,18,30,0,12,13,20,0,12,19,22,35,36,31,29,36,34,96,74,27,30,0,12,0,12
1500000US110010095071,110010095071,"Block Group 1, Census Tract 95.07, District of Columbia, District of Columbia",591,34,41,30,30,18,11,11,6,9,36,25,9,12,45,31,29,30,25,19,93,45,21,18,89,44,77,39,39,28,19,19,21,17
1500000US110010095081,110010095081,"Block Group 1, Census Tract 95.08, District of Columbia, District of Columbia",497,111,110,71,23,24,41,26,15,16,0,12,8,13,16,19,10,17,55,51,27,24,63,70,47,45,16,16,0,12,57,47,9,14
1500000US110010095082,110010095082,"Block Group 2, Census Tract 95.08, District of Columbia, District of Columbia",599,112,52,54,17,20,81,77,9,14,17,18,31,39,0,12,22,21,29,26,19,16,102,63,131,66,37,29,32,26,20,23,0,12
1500000US110010095083,110010095083,"Block Group 3, Census Tract 95.08, District of Columbia, District of Columbia",536,110,0,12,9,15,43,42,17,19,10,15,0,12,34,43,18,20,0,12,103,81,88,59,118,72,69,53,0,12,27,43,0,12
1500000US110010095091,110010095091,"Block Group 1, Census Tract 95.09, District of Columbia, District of Columbia",532,83,0,12,12,13,0,12,33,41,77,69,0,12,27,23,0,12,25,54,19,22,31,26,129,60,51,42,19,22,83,85,26,41
1500000US110010095092,110010095092,"Block Group 2, Census Tract 95.09, District of Columbia, District of Columbia",364,103,21,19,20,20,7,11,0,12,27,21,8,14,13,19,13,15,6,10,49,48,74,89,63,46,30,30,24,30,9,14,0,12
1500000US110010095093,110010095093,"Block Group 3, Census Tract 95.09, District of Columbia, District of Columbia",370,94,32,40,6,15,0,12,0,12,0,12,6,9,0,12,0,12,7,11,143,92,40,34,58,45,26,38,18,20,21,24,13,18
1500000US110010096011,110010096011,"Block Group 1, Census Tract 96.01, District of Columbia, District of Columbia",768,69,127,62,48,33,122,56,69,45,28,22,6,10,55,46,12,21,23,21,67,44,98,49,38,30,25,29,33,29,0,12,17,19
1500000US110010096021,110010096021,"Block Group 1, Census Tract 96.02, District of Columbia, District of Columbia",629,117,124,68,81,48,56,43,57,50,52,42,6,10,51,51,18,27,44,38,17,32,44,33,64,60,7,12,8,13,0,12,0,12
1500000US110010096022,110010096022,"Block Group 2, Census Tract 96.02, District of Columbia, District of Columbia",825,121,77,52,157,91,136,85,103,82,165,92,39,50,8,13,28,33,0,12,19,20,35,39,41,51,7,12,10,15,0,12,0,12
1500000US110010096031,110010096031,"Block Group 1, Census Tract 96.03, District of Columbia, District of Columbia",715,117,118,78,40,43,0,12,42,35,36,58,21,23,40,35,81,61,10,16,64,50,155,76,43,35,44,39,0,12,10,14,11,18
1500000US110010096032,110010096032,"Block Group 2, Census Tract 96.03, District of Columbia, District of Columbia",225,71,11,17,0,12,8,12,17,18,0,12,20,25,10,16,10,15,0,12,42,32,36,45,52,48,0,12,0,12,12,17,7,12
1500000US110010096033,110010096033,"Block Group 3, Census Tract 96.03, District of Columbia, District of Columbia",541,118,98,65,66,53,36,47,56,45,35,40,87,88,15,24,34,45,0,12,0,12,60,55,32,30,8,14,0,12,0,12,14,24
1500000US110010096041,110010096041,"Block Group 1, Census Tract 96.04, District of Columbia, District of Columbia",603,78,62,47,38,27,44,35,41,36,18,28,25,16,30,19,66,50,31,31,61,31,73,34,48,40,35,28,17,16,14,23,0,12
1500000US110010096042,110010096042,"Block Group 2, Census Tract 96.04, District of Columbia, District of Columbia",390,69,18,19,7,8,31,23,43,36,7,8,29,32,8,9,3,7,0,12,76,54,29,25,79,58,46,31,6,10,0,12,8,12
1500000US110010097001,110010097001,"Block Group 1, Census Tract 97, District of Columbia, District of Columbia",850,134,159,98,71,65,50,44,39,49,48,38,90,73,52,43,28,37,18,29,46,47,26,31,134,79,23,26,40,48,26,32,0,12
1500000US110010097002,110010097002,"Block Group 2, Census Tract 97, District of Columbia, District of Columbia",238,94,21,34,7,11,44,48,0,12,5,10,0,12,30,44,0,12,0,12,16,23,62,47,0,12,51,42,0,12,0,12,2,5
1500000US110010098011,110010098011,"Block Group 1, Census Tract 98.01, District of Columbia, District of Columbia",730,89,197,62,104,43,27,30,27,21,61,43,37,42,22,20,24,16,34,28,47,33,64,46,38,25,27,18,0,12,14,15,7,10
1500000US110010098021,110010098021,"Block Group 1, Census Tract 98.02, District of Columbia, District of Columbia",176,51,81,39,16,17,11,16,9,14,11,13,0,12,8,12,0,12,31,28,0,12,9,14,0,12,0,12,0,12,0,12,0,12
1500000US110010098022,110010098022,"Block Group 2, Census Tract 98.02, District of Columbia, District of Columbia",388,70,59,40,23,18,35,27,25,26,7,11,32,30,0,12,24,27,6,10,47,35,44,33,37,28,28,18,0,12,21,19,0,12
1500000US110010098031,110010098031,"Block Group 1, Census Tract 98.03, District of Columbia, District of Columbia",356,90,66,41,34,33,74,68,6,9,25,23,25,31,0,12,21,33,65,51,0,12,21,25,0,12,5,9,0,12,14,23,0,12
1500000US110010098032,110010098032,"Block Group 2, Census Tract 98.03, District of Columbia, District of Columbia",343,82,50,37,28,25,0,12,58,42,19,30,20,22,19,22,36,33,0,12,67,41,0,12,46,48,0,12,0,12,0,12,0,12
1500000US110010098033,110010098033,"Block Group 3, Census Tract 98.03, District of Columbia, District of Columbia",469,88,170,69,42,31,51,37,0,12,0,12,71,55,29,28,19,29,0,12,5,10,39,37,34,38,0,12,9,14,0,12,0,12
1500000US110010098041,110010098041,"Block Group 1, Census Tract 98.04, District of Columbia, District of Columbia",592,83,112,59,14,24,22,23,35,25,34,28,27,23,38,25,23,27,48,43,33,28,60,45,33,28,37,42,43,30,26,21,7,11
1500000US110010098042,110010098042,"Block Group 2, Census Tract 98.04, District of Columbia, District of Columbia",389,68,75,58,17,18,16,21,19,20,0,12,25,24,45,39,6,9,5,9,38,29,25,21,27,29,75,49,6,9,10,13,0,12
1500000US110010098071,110010098071,"Block Group 1, Census Tract 98.07, District of Columbia, District of Columbia",279,65,57,46,9,14,14,19,38,47,0,12,9,13,15,20,13,21,0,12,42,33,31,32,0,12,43,32,0,12,0,12,8,14
1500000US110010098072,110010098072,"Block Group 2, Census Tract 98.07, District of Columbia, District of Columbia",1039,118,160,76,37,37,24,23,105,66,9,14,91,68,97,65,46,38,56,48,131,68,92,53,58,42,82,77,29,27,14,23,8,16
1500000US110010098101,110010098101,"Block Group 1, Census Tract 98.10, District of Columbia, District of Columbia",558,121,130,73,50,47,15,23,0,12,48,56,67,51,28,39,103,87,0,12,27,33,60,61,7,14,15,25,0,12,8,13,0,12
1500000US110010098102,110010098102,"Block Group 2, Census Tract 98.10, District of Columbia, District of Columbia",503,130,126,88,30,36,62,62,53,42,29,46,2,14,0,12,23,36,39,49,114,93,0,12,0,12,0,12,0,12,12,19,13,21
1500000US110010098111,110010098111,"Block Group 1, Census Tract 98.11, District of Columbia, District of Columbia",646,146,166,83,86,72,28,34,39,49,48,54,74,65,52,43,57,68,0,12,8,14,0,12,63,75,11,18,14,24,0,12,0,12
1500000US110010098112,110010098112,"Block Group 2, Census Tract 98.11, District of Columbia, District of Columbia",1137,157,149,111,124,91,83,72,39,47,154,95,153,87,78,71,68,58,54,68,61,53,62,56,94,64,18,24,0,12,0,12,0,12
1500000US110010099011,110010099011,"Block Group 1, Census Tract 99.01, District of Columbia, District of Columbia",327,56,22,37,0,12,7,11,5,8,0,12,0,12,12,16,0,12,21,30,23,26,30,28,96,49,16,18,48,35,32,26,15,16
1500000US110010099012,110010099012,"Block Group 2, Census Tract 99.01, District of Columbia, District of Columbia",649,82,42,25,16,23,5,8,16,19,19,21,9,14,24,18,8,13,35,30,46,32,59,41,94,43,79,49,76,37,51,38,70,49
1500000US110010099021,110010099021,"Block Group 1, Census Tract 99.02, District of Columbia, District of Columbia",500,102,42,39,49,38,20,21,38,39,13,20,0,12,0,12,75,74,22,24,56,57,13,19,81,47,64,46,27,29,0,12,0,12
1500000US110010099022,110010099022,"Block Group 2, Census Tract 99.02, District of Columbia, District of Columbia",660,114,83,67,108,80,0,12,21,22,24,25,20,22,48,38,65,61,46,36,49,47,66,41,42,35,17,19,28,31,43,63,0,12
1500000US110010099031,110010099031,"Block Group 1, Census Tract 99.03, District of Columbia, District of Columbia",451,74,46,26,11,13,24,29,44,53,18,29,0,12,0,12,14,17,40,40,21,22,97,66,81,45,24,28,11,13,20,19,0,12
1500000US110010099032,110010099032,"Block Group 2, Census Tract 99.03, District of Columbia, District of Columbia",256,67,0,12,0,12,0,12,19,21,5,8,6,8,13,14,0,12,25,35,43,34,33,37,72,40,20,32,7,11,13,21,0,12
1500000US110010099041,110010099041,"Block Group 1, Census Tract 99.04, District of Columbia, District of Columbia",259,65,41,30,44,31,15,16,7,10,0,12,16,24,16,19,56,50,0,12,7,14,20,20,16,14,21,21,0,12,0,12,0,12
1500000US110010099042,110010099042,"Block Group 2, Census Tract 99.04, District of Columbia, District of Columbia",612,83,157,62,43,32,21,25,13,14,12,14,94,61,32,31,12,19,33,29,7,9,50,31,50,29,57,46,10,17,14,22,7,12
1500000US110010099051,110010099051,"Block Group 1, Census Tract 99.05, District of Columbia, District of Columbia",486,88,106,64,31,31,7,12,34,33,27,31,0,12,77,58,29,28,14,23,66,39,17,20,19,21,16,26,0,12,28,31,15,22
1500000US110010099052,110010099052,"Block Group 2, Census Tract 99.05, District of Columbia, District of Columbia",288,80,35,38,0,12,5,8,20,31,9,14,15,18,14,23,0,12,33,32,22,26,19,20,83,56,33,36,0,12,0,12,0,12
1500000US110010099053,110010099053,"Block Group 3, Census Tract 99.05, District of Columbia, District of Columbia",300,77,35,32,43,33,0,12,18,29,17,27,24,28,0,12,60,56,0,12,23,25,34,37,22,25,17,20,7,13,0,12,0,12
1500000US110010099061,110010099061,"Block Group 1, Census Tract 99.06, District of Columbia, District of Columbia",636,59,87,32,51,34,37,37,29,27,31,28,21,25,36,32,29,24,41,32,93,50,70,47,74,36,30,30,7,11,0,12,0,12
1500000US110010099071,110010099071,"Block Group 1, Census Tract 99.07, District of Columbia, District of Columbia",257,80,86,55,15,18,0,12,0,12,6,11,23,26,0,12,0,12,0,12,8,13,18,25,65,49,8,14,14,24,0,12,14,21
1500000US110010099072,110010099072,"Block Group 2, Census Tract 99.07, District of Columbia, District of Columbia",801,108,248,107,26,31,66,43,92,58,93,71,22,24,44,31,44,38,0,12,78,61,0,12,20,22,8,17,49,49,11,20,0,12
1500000US110010101001,110010101001,"Block Group 1, Census Tract 101, District of Columbia, District of Columbia",1192,136,79,56,67,49,9,14,10,14,38,48,49,40,10,16,77,65,47,36,42,32,41,31,137,67,237,107,103,52,87,46,159,63
1500000US110010101002,110010101002,"Block Group 2, Census Tract 101, District of Columbia, District of Columbia",572,113,39,27,30,30,11,16,18,28,11,17,0,12,57,61,38,32,20,20,50,35,93,53,66,38,38,31,70,49,10,16,21,23
1500000US110010102001,110010102001,"Block Group 1, Census Tract 102, District of Columbia, District of Columbia",506,97,8,13,26,22,5,10,18,28,0,12,9,14,29,22,21,19,0,12,7,11,43,29,68,48,83,54,31,30,75,45,83,59
1500000US110010102002,110010102002,"Block Group 2, Census Tract 102, District of Columbia, District of Columbia",820,97,33,44,0,12,0,12,0,12,9,15,30,41,24,22,33,45,21,34,79,41,105,43,161,69,98,64,67,40,93,47,67,41
1500000US110010103001,110010103001,"Block Group 1, Census Tract 103, District of Columbia, District of Columbia",260,62,8,14,7,10,8,12,0,12,0,12,4,7,28,30,11,13,25,34,0,12,24,30,9,14,33,31,20,20,83,39,0,12
1500000US110010103002,110010103002,"Block Group 2, Census Tract 103, District of Columbia, District of Columbia",459,69,16,21,9,14,40,55,57,54,0,12,16,19,6,11,0,12,0,12,25,27,87,61,68,62,29,30,59,34,47,37,0,12
1500000US110010103003,110010103003,"Block Group 3, Census Tract 103, District of Columbia, District of Columbia",436,79,78,55,32,36,50,41,19,32,0,12,14,15,19,22,54,59,0,12,23,21,23,32,27,25,48,32,13,23,0,12,36,32
1500000US110010104001,110010104001,"Block Group 1, Census Tract 104, District of Columbia, District of Columbia",623,141,113,81,42,46,42,46,53,58,30,29,9,14,0,12,36,36,52,65,26,42,51,47,66,51,31,34,15,17,57,55,0,12
1500000US110010104002,110010104002,"Block Group 2, Census Tract 104, District of Columbia, District of Columbia",968,121,177,88,67,57,70,63,102,89,30,26,50,65,76,61,50,39,18,22,85,58,108,63,99,62,12,21,15,16,9,15,0,12
1500000US110010105001,110010105001,"Block Group 1, Census Tract 105, District of Columbia, District of Columbia",962,170,169,82,13,20,70,90,61,45,55,84,58,66,72,62,53,53,71,71,37,51,45,40,20,34,70,58,16,27,96,105,56,48
1500000US110010105002,110010105002,"Block Group 2, Census Tract 105, District of Columbia, District of Columbia",1293,170,66,53,19,30,13,21,0,12,0,12,0,12,17,26,29,34,45,38,125,88,99,82,269,105,159,109,130,76,236,107,86,44
1500000US110010106001,110010106001,"Block Group 1, Census Tract 106, District of Columbia, District of Columbia",342,79,35,29,0,12,72,61,17,22,6,9,0,12,36,44,0,12,8,13,9,14,12,18,19,23,45,44,20,24,45,30,18,21
1500000US110010106002,110010106002,"Block Group 2, Census Tract 106, District of Columbia, District of Columbia",1592,139,150,89,50,41,11,16,44,27,17,18,59,49,51,33,21,22,11,13,129,61,103,74,236,109,131,59,76,39,286,104,217,80
1500000US110010106003,110010106003,"Block Group 3, Census Tract 106, District of Columbia, District of Columbia",285,71,55,62,0,12,0,12,8,13,24,28,31,29,0,12,0,12,6,11,7,12,5,9,32,23,6,9,72,51,6,10,33,24
1500000US110010107001,110010107001,"Block Group 1, Census Tract 107, District of Columbia, District of Columbia",488,74,99,50,4,7,7,12,14,16,14,16,18,24,57,49,16,24,0,12,29,24,19,23,82,61,25,25,0,12,48,28,56,48
1500000US110010107002,110010107002,"Block Group 2, Census Tract 107, District of Columbia, District of Columbia",652,92,74,46,14,16,25,23,0,12,9,14,27,22,16,18,12,19,17,20,14,16,102,52,112,55,58,38,50,35,86,60,36,42
1500000US110010108001,110010108001,"Block Group 1, Census Tract 108, District of Columbia, District of Columbia",189,73,35,39,0,12,0,12,39,57,42,49,5,9,0,12,13,20,0,12,0,12,17,16,7,11,22,19,0,12,9,15,0,12
1500000US110010108002,110010108002,"Block Group 2, Census Tract 108, District of Columbia, District of Columbia",490,94,161,71,17,20,50,30,22,35,9,13,17,16,27,31,50,35,0,12,16,14,75,49,22,22,21,19,0,12,3,5,0,12
1500000US110010108003,110010108003,"Block Group 3, Census Tract 108, District of Columbia, District of Columbia",211,57,49,34,11,14,0,12,5,8,0,12,6,10,0,12,7,10,6,10,12,14,10,16,52,34,13,15,5,8,22,24,13,17
1500000US110010109001,110010109001,"Block Group 1, Census Tract 109, District of Columbia, District of Columbia",668,110,149,83,69,56,28,45,13,20,86,69,68,60,54,47,61,58,25,23,0,12,7,10,26,40,36,40,34,47,12,21,0,12
1500000US110010109002,110010109002,"Block Group 2, Census Tract 109, District of Columbia, District of Columbia",474,98,53,42,75,57,34,34,12,18,11,19,27,29,37,31,72,59,9,13,39,32,94,55,11,17,0,12,0,12,0,12,0,12
1500000US110010110001,110010110001,"Block Group 1, Census Tract 110, District of Columbia, District of Columbia",215,95,0,12,0,12,0,12,0,12,0,12,21,30,14,24,0,12,0,12,33,38,0,12,53,85,33,37,11,17,33,37,17,25
1500000US110010110002,110010110002,"Block Group 2, Census Tract 110, District of Columbia, District of Columbia",437,111,18,28,13,21,17,27,18,28,13,22,0,12,20,31,0,12,0,12,52,50,14,23,36,41,67,52,68,45,37,40,64,52
1500000US110010110003,110010110003,"Block Group 3, Census Tract 110, District of Columbia, District of Columbia",472,128,16,26,0,12,0,12,0,12,15,24,82,86,40,47,0,12,0,12,25,41,0,12,129,70,0,12,37,42,32,37,96,87
1500000US110010110004,110010110004,"Block Group 4, Census Tract 110, District of Columbia, District of Columbia",1055,149,49,46,36,43,17,28,48,40,87,64,41,44,15,25,31,34,19,30,16,25,136,75,165,103,108,76,168,95,43,41,76,53
1500000US110010111001,110010111001,"Block Group 1, Census Tract 111, District of Columbia, District of Columbia",596,93,36,36,37,35,30,27,0,12,15,26,24,25,60,56,22,34,0,12,28,23,63,35,84,54,30,28,35,29,75,55,57,47
1500000US110010111002,110010111002,"Block Group 2, Census Tract 111, District of Columbia, District of Columbia",656,85,52,42,42,30,57,38,19,20,24,22,20,22,32,34,9,13,22,25,55,36,7,12,78,48,54,42,37,33,70,36,78,41
1500000US110010111003,110010111003,"Block Group 3, Census Tract 111, District of Columbia, District of Columbia",414,91,84,55,0,12,17,19,31,25,30,40,5,8,47,42,39,42,0,12,17,18,18,29,52,31,27,22,12,19,0,12,35,23
